pdb_id,delta_G,complex_count,mean_nearest_opposite_A,mean_nonpolar_to_nonpolar_cross_A,mean_nonpolar_to_charged_cross_A
1fc2,-43.65,251,12.882058,7.425219,12.351416
3sgb,-61.34,235,,,
2tgp,-32.08,281,9.317148,7.257919,8.856553
2ptc,-75.47,281,8.633218,7.280448,8.601627
2sni,-66.77,339,10.043248,6.839483,10.169143
1atn,-53.35,629,11.559006,7.089456,10.105631
1gla,-38.5,650,10.155881,7.184252,8.923123
1acb,-55.36,304,14.696280,7.360483,9.959849
2pcc,-33.08,804,9.380500,8.193848,12.807014
2pcb,-28.54,692,9.218095,12.059496,9.148134
2sic,-57.92,382,12.124660,6.372028,10.328432
2cpk,-49.3,353,8.736181,7.442590,8.216314
1brs,-79.26,588,8.031903,8.662661,8.337550
2btf,-32.18,512,9.531082,7.623044,8.690741
1ppe,-65.77,252,11.856882,7.640332,9.443183
1smf,-39.5,232,8.341516,8.096083,8.409152
1rlb,-34.8,834,8.179156,7.140020,13.009794
1mah,-60.51,594,8.971378,8.090136,8.432799
1efn,-36.64,322,8.408821,6.646257,8.501101
1ak4,-27.22,618,,6.926064,
1gua,-42.23,243,8.498956,7.929991,8.662461
1ycs,-42.94,384,8.464975,8.301517,9.295399
1dhk,-59.68,690,11.961159,8.665057,9.555397
1dfj,-75.51,580,10.160532,10.112310,9.345108
1fle,-46.93,287,10.340234,7.820772,9.025302
1b27,-79.91,587,7.857389,8.648767,8.277559
1a22,-54.04,372,9.494365,7.358324,8.280484
1b2u,-39.95,587,9.527883,8.397964,8.690700
1xdt,-45.66,559,8.813689,7.566118,8.438783
1b3s,-56.69,587,7.838526,7.610489,8.264577
1axi,-44.83,366,12.015062,7.854928,8.062342
1avz,-27.4,260,9.838863,10.159675,7.642208
1a2k,-38.95,848,11.475756,6.951879,9.677895
1b2s,-55.96,599,7.765108,8.526557,8.450028
1wq1,-27.22,486,9.794948,7.684187,8.565191
1avx,-75.47,395,8.794788,8.127006,9.493582
1buh,-40.6,357,12.069009,9.080505,8.369057
1an1,-51.63,262,8.344788,7.009324,9.446147
1ldt,-49.91,269,9.662061,6.983261,9.286120
1fmo,-49.3,356,8.987469,7.384876,8.202448
1azz,-53.04,727,12.813417,6.680640,10.671821
1bvn,-63.05,567,11.497258,7.643390,10.467997
1ugh,-64.05,305,9.339575,8.218733,10.280241
1vpp,-30.75,224,9.244335,6.155395,8.334720
1b6c,-37.4,1732,15.193841,7.847510,9.812330
1ibr,-54.35,1234,8.996862,8.916934,9.961238
1flt,-50.61,382,12.268788,8.361737,9.484178
1uug,-33.6,607,11.481260,8.752240,10.140209
1lfd,-32.66,508,8.440719,8.520274,7.850811
1kac,-44.69,309,10.929572,8.039668,10.626725
1sbb,-22.0,950,11.860453,9.725468,9.202947
1eer,-51.37,592,10.196435,7.586224,8.775350
1tba,-51.37,247,8.436059,7.077869,9.200588
1ay7,-34.25,185,7.613797,9.296125,7.691260
1cn4,-34.25,589,10.730083,7.832192,9.704432
1qa9,-34.25,394,8.217771,12.390680,6.688203
1grn,-36.59,388,12.946777,8.041354,8.962031
1vrk,-46.62,167,7.982071,7.793766,9.237699
1cmx,-32.93,515,8.444144,7.392255,8.989160
1es0,-42.23,372,10.402538,7.096961,8.837544
1fg9,-57.08,862,10.280329,7.044027,9.307267
1g9i,-39.5,245,8.822508,7.905851,8.627203
1d6r,-56.43,281,9.896444,8.988961,9.931362
1e4k,-32.93,604,15.203105,8.301370,10.308590
1qty,-62.78,757,10.601623,8.136020,9.222731
1du3,-44.51,1490,8.797206,9.513411,8.438866
1e96,-31.78,363,9.310122,8.757550,10.112305
1ees,-43.94,224,15.920240,6.545255,8.611821
1emv,-77.74,214,9.089726,8.712881,8.461264
1djs,-42.16,336,10.206747,7.456323,9.553582
1dzb,-35.87,706,9.235611,8.201317,9.063660
1f3v,-29.15,322,11.207581,8.309806,9.971392
1g6v,-40.77,382,12.512907,7.126783,9.185750
1clv,-51.37,502,11.882935,7.677257,9.191742
1ezu,-57.63,726,15.336943,7.178415,10.062668
1ezs,-55.62,696,11.427389,8.205777,8.525769
1dp5,-51.63,360,17.951267,7.448543,9.763126
1c9t,-51.37,1656,17.969238,7.591092,8.892603
1c9p,-51.37,272,10.636396,8.072420,9.347968
1dpj,-48.65,358,17.383448,7.340087,9.553193
1fy8,-28.8,271,9.443492,7.469326,8.424163
1i4e,-39.5,536,15.206202,8.460211,6.912963
1f34,-57.08,463,,7.772951,12.686856
1i8l,-38.24,634,10.705506,7.988168,9.384505
1g5j,-52.64,200,10.277435,6.453072,10.527122
1e6e,-34.62,1132,8.844539,7.559793,8.071098
1ffw,-33.79,392,9.681202,7.372033,8.701303
1gcq,-27.25,182,14.883224,6.865992,11.096828
1e3u,-34.25,970,10.626845,7.833678,7.655668
1i2m,-66.22,1107,8.771985,7.813832,7.901610
1he8,-31.97,915,10.954818,9.802157,9.145982
1hcf,-54.71,444,9.040052,8.889305,10.852233
1ewy,-31.09,704,9.881071,9.433543,8.306176
1ib1,-19.73,1620,11.034514,8.749222,7.891970
1j7v,-59.68,355,9.495137,7.910835,8.471961
1i4d,-31.52,550,14.682085,7.892569,10.838932
1i5k,-42.1,211,7.616496,7.851553,7.203711
1jiw,-65.06,575,12.893565,8.194670,10.483334
1j7d,-32.53,289,9.707870,7.259317,9.388975
1jtg,-56.84,853,10.232968,7.188183,8.125457
1gl1,-56.43,817,20.494745,6.790941,8.859746
1gl0,-51.92,273,,6.263946,
1eja,-51.37,276,10.427613,8.060294,9.421851
1f7z,-28.01,269,9.427895,7.334532,8.842267
3tgk,-28.09,273,,,
1jtd,-60.3,535,10.839306,8.355382,8.565179
1f5r,-23.9,273,9.442688,7.512562,8.465692
1gpw,-44.07,1360,9.287374,9.780384,7.735877
1lzw,-36.99,237,11.914393,10.147876,8.486183
1l2w,-54.35,1172,9.384506,7.454763,9.366414
1go4,-34.15,1146,10.184435,6.901663,9.292790
1jwh,-45.09,1075,19.958197,7.404458,9.658215
1l4z,-38.28,373,12.605270,7.507015,12.886272
1l4d,-38.28,361,13.119553,6.783946,11.481302
1kxp,-51.37,787,10.759805,8.152730,9.049566
1mxe,-68.49,338,7.367238,7.133707,9.505031
1k93,-43.94,1884,9.204009,7.699828,8.323236
1ktk,-26.82,1200,11.084641,6.690804,10.365409
1kxt,-37.84,1857,12.140516,7.241006,8.739482
1kgy,-43.39,1276,11.155153,6.920205,10.643504
1kxv,-43.39,1232,11.694935,7.310542,9.213983
1lj2,-26.08,265,11.846521,6.629599,9.592112
1ktz,-37.31,188,7.030158,6.418248,7.929906
1lw6,-66.77,344,9.680461,7.087245,10.244886
1kxq,-48.26,2464,15.691426,8.588336,9.505134
1kbh,-42.63,106,7.989025,6.465075,9.663729
1h59,-42.42,99,9.735055,7.036937,9.464515
1gng,-42.29,757,9.186913,6.438769,9.363119
1kkl,-41.93,762,16.225636,7.057173,9.969112
1eaw,-58.81,594,8.689263,7.399504,8.104248
1lqs,-47.93,697,9.554705,9.078546,9.989032
1gxd,-47.28,1631,10.350651,7.231443,9.296141
1m10,-47.01,466,10.073335,7.412007,8.610334
1jsp,-24.55,140,,7.624535,9.669695
1l0x,-29.8,914,16.290354,11.323940,13.193377
1l8c,-46.55,146,10.640288,6.505074,9.362760
1m1e,-51.37,577,10.862894,9.226542,8.333040
1l0y,-29.8,913,16.260910,11.514500,12.408430
1jgn,-36.85,120,10.870134,7.458871,9.217175
1ogy,-53.09,7336,10.309364,7.046855,8.877516
1op9,-52.25,251,9.099476,7.596798,8.619467
1p27,-52.25,472,10.115624,7.713447,9.196427
1lx5,-50.92,198,11.892224,6.898562,9.092799
1p3q,-33.79,224,15.324653,6.600535,9.975127
1j2j,-33.41,206,14.970151,7.137368,9.402291
1jh4,-33.24,120,13.789921,7.420643,8.891677
1mzw,-32.57,204,10.441526,6.082916,9.496174
1oqe,-39.74,1681,7.548912,7.691445,9.069415
1nys,-45.66,343,11.732553,7.306615,9.017680
1nyu,-45.66,320,11.181720,7.363365,9.356263
1p9d,-27.91,110,13.667561,7.180600,11.014099
1uad,-39.17,530,8.863000,7.944015,7.484440
1otr,-21.74,125,8.272172,7.038899,9.056465
1pjm,-38.5,447,9.199227,7.809679,8.068372
1o9a,-34.25,117,10.216560,8.344123,8.817143
1m5n,-49.53,513,10.129723,10.185179,10.025437
1psb,-26.82,234,9.357344,7.250441,6.965366
1pjn,-43.71,447,9.246710,13.076426,7.243281
1h1v,-43.6,695,11.692326,7.889280,8.905758
1q0w,-20.31,100,10.095662,6.586594,8.747665
1r0r,-60.11,325,14.377530,6.348025,10.066075
1lp1,-32.53,109,12.926479,7.843027,9.327079
1ozs,-25.73,93,11.213775,7.122346,9.476662
1mq8,-31.52,722,8.993889,7.505747,9.063477
1q68,-36.52,67,10.445359,6.447005,10.457934
1oey,-47.93,696,9.049833,7.822636,9.101720
1h0t,-29.8,116,8.959874,7.928829,9.043293
1pvh,-40.51,740,11.913446,7.228288,11.044374
1q69,-34.51,48,,6.502189,
1oc0,-51.37,401,8.652354,8.177957,9.169066
1nvu,-31.07,801,10.965439,8.786140,9.391574
1nf3,-41.67,634,15.110251,6.774432,10.312146
1oph,-47.38,598,12.131529,7.646251,8.840497
1nw9,-45.01,329,20.867672,6.879310,15.483793
1pxv,-54.27,588,8.618589,6.762647,11.333355
1mcv,-40.0,268,12.302443,7.754603,9.640644
1oyv,-45.92,652,17.097733,6.572750,11.407842
1rpq,-44.5,746,8.264826,7.435736,9.660383
1xxf,-39.95,750,10.073705,7.158283,7.741850
1rv6,-39.16,373,17.140442,7.365129,11.787694
1xx9,-50.36,749,10.833797,7.365838,7.745618
1xu1,-48.69,524,11.027979,7.572754,9.044253
1xxd,-37.23,747,10.153029,7.691270,7.885424
1ry7,-37.89,364,11.149981,7.138868,9.631411
1u0s,-37.89,204,10.947495,7.215642,8.987627
1xqh,-38.24,510,6.897659,8.164363,6.923677
1pd7,-37.23,109,12.979086,6.163793,10.327467
1xd3,-37.23,606,10.542484,7.749960,9.000689
1t6b,-53.64,846,10.098049,6.792977,8.570209
1us7,-32.79,401,10.564909,6.792825,8.228401
1xr0,-28.54,151,8.306085,6.385699,10.642873
1sv0,-45.4,319,6.852032,6.783036,8.172030
1vet,-45.05,240,10.703911,6.513895,10.834589
1veu,-45.05,237,12.865265,6.978626,12.009858
1q5w,-22.26,107,8.999485,6.726083,11.242191
1tdq,-45.21,397,10.914774,7.755569,11.835032
1r8u,-45.01,150,11.761373,6.776657,10.026139
1syq,-44.71,284,19.719702,6.286751,15.644699
1sb0,-27.53,112,11.610645,6.853590,8.384443
1tzn,-55.76,10262,10.233098,7.871084,8.510879
1sg1,-38.42,361,8.308828,7.321088,8.556875
1t44,-34.25,502,10.694250,7.756681,8.490973
1th1,-49.53,1127,13.082330,7.958864,9.776056
1xt9,-38.24,284,8.572659,6.458592,8.130591
1vyt,-43.94,611,9.825634,6.398928,9.365228
1w1w,-20.46,1539,10.857739,7.351748,10.292367
1u7v,-37.26,598,11.899885,8.085892,9.114297
1usu,-31.29,378,8.072680,9.128956,9.385736
1usv,-31.29,1569,9.384735,9.228891,9.718824
1uel,-31.21,143,7.863051,5.776294,9.594970
1tlh,-20.11,157,9.986755,7.359547,8.117852
1sq0,-42.94,463,10.564269,7.437595,8.480571
1p6a,-42.56,309,10.601296,8.171287,10.801465
1rkc,-42.29,284,16.809841,6.560372,10.981272
1t01,-42.29,279,19.856127,6.219801,16.160765
1oyh,-42.1,826,12.099717,6.404154,9.847823
1rke,-41.67,438,11.118755,7.591457,8.728888
1u7f,-41.3,583,12.155635,8.136964,9.078110
1vg0,-47.38,663,10.093373,7.976630,8.781677
1ty4,-46.77,362,11.408993,6.212910,8.979230
1s4y,-46.59,393,11.312659,7.737896,9.306170
1u0i,-40.84,42,9.332656,5.939806,7.610036
1p69,-40.63,309,11.023586,8.186996,11.025452
1shy,-40.22,727,7.681143,9.697317,7.643982
1s1q,-18.84,418,14.904481,7.471056,8.676165
1nm5,-41.22,892,15.413624,7.942358,11.602182
1tm7,-65.53,345,8.930122,8.511323,10.626318
1tm1,-65.77,345,9.608944,6.597548,10.493364
1tm5,-61.47,345,8.944349,6.870234,10.310285
1tm3,-61.19,345,8.103374,8.360315,8.968383
1tm4,-56.43,345,9.061913,6.904532,10.453175
1to1,-53.29,345,9.133606,6.868898,10.297782
1uuz,-43.39,517,9.783340,7.511892,8.129081
1te1,-48.34,464,8.158712,7.514131,9.836809
1ta3,-45.92,575,13.587022,9.076077,9.894070
1zjd,-52.48,294,9.659668,7.250679,7.912323
1yc0,-49.65,313,7.964618,8.045657,8.433040
1vyh,-40.51,5280,9.577611,11.768554,9.189854
1z7x,-88.68,1172,11.686377,9.562025,8.806802
1zhi,-38.24,320,9.743147,7.288434,9.060035
1r6q,-36.99,471,12.371802,8.173743,8.709582
1wlp,-35.35,163,13.358459,6.639432,9.558719
1zm4,-34.3,3087,10.052305,7.176041,7.943623
1y8n,-33.86,471,9.724141,8.020385,9.358199
2c1m,-51.13,470,8.607351,7.427382,7.697787
1ydi,-49.94,280,21.566139,6.785408,10.420488
2b4j,-45.45,444,11.157208,6.693351,8.690478
2b0z,-22.83,402,9.739554,7.714662,7.434519
1v18,-45.66,544,12.817372,7.660389,9.255814
1z92,-45.66,244,8.126784,8.353575,8.377126
2ajf,-45.66,1542,20.855547,8.949674,11.894842
2b10,-28.54,804,9.097718,8.994166,12.241465
1wa8,-45.43,194,10.030200,6.236686,9.757315
1x1y,-27.95,594,9.676105,8.538912,8.511814
2a7u,-39.5,127,10.094301,6.456056,8.827152
1x1u,-44.97,596,8.269492,8.608938,8.278427
1wdw,-44.77,3760,8.659281,8.777969,8.564559
1wr1,-27.57,134,11.285172,6.230108,9.726699
1t63,-27.53,264,9.880758,7.211691,8.846171
1x75,-44.27,451,10.723448,9.344048,10.416499
1y6m,-38.6,346,9.497412,8.440751,8.613711
1yd8,-21.36,332,8.554287,7.927899,7.544303
1y6k,-51.37,350,9.650180,8.505279,8.337061
1yru,-51.37,420,9.150323,7.517967,8.435837
2bp7,-51.37,2980,11.482995,7.066858,9.864226
2c1t,-49.65,921,9.222829,8.639931,7.765100
2byk,-32.18,319,11.052539,6.147202,9.441820
2bym,-32.18,298,10.532801,6.126383,9.666741
2be6,-48.97,483,8.478632,7.334826,10.110453
1ri8,-48.73,253,10.872535,11.797840,7.924963
2b12,-26.82,402,8.406666,7.248303,7.918573
2bqz,-26.82,340,10.244438,11.398177,8.306271
1wr6,-20.76,641,10.961972,8.735582,7.649323
2aw2,-43.39,417,9.458777,7.813067,7.679849
1t0p,-26.27,260,10.042084,8.131495,8.547676
1x1w,-43.26,596,7.813889,8.615445,8.293819
1y6n,-43.2,339,9.536613,7.911207,8.445420
1vrc,-25.95,428,10.279783,9.129579,10.118382
1t5z,-25.58,261,11.798418,7.083131,9.678791
1yx5,-19.73,188,9.800908,7.550575,8.739406
1xj7,-25.16,265,6.950660,6.936991,11.447821
1u5s,-14.4,137,8.205157,9.452281,10.167878
1shz,-31.52,1037,10.042594,7.931145,8.081782
1wrd,-19.34,174,8.121821,7.455176,8.077330
1zc3,-42.1,564,9.484049,8.569637,8.324852
1zc4,-42.1,572,9.325296,8.350681,8.166822
1x1x,-41.53,596,8.178206,8.828169,8.334851
1pk1,-41.48,267,6.387013,6.768218,8.381134
1xg2,-47.38,468,12.142115,9.249565,9.098651
1y76,-30.26,244,9.312344,6.391595,8.837646
2b11,-30.26,804,9.855097,7.951097,12.222634
1xqs,-29.61,858,8.056145,10.203403,8.561780
1ul1,-41.22,1743,10.371722,6.642652,8.610860
2a78,-41.22,377,10.733095,7.755093,8.522682
2a9k,-41.22,377,10.661649,7.829422,8.591834
2c5d,-46.93,1146,9.119470,7.453094,8.642358
1zsg,-29.25,87,8.739038,7.695882,9.911754
1zmy,-46.34,391,21.061333,8.536801,12.792985
1z0k,-29.19,459,10.079531,6.872396,9.012883
1yx6,-23.61,188,10.328526,6.635249,10.938398
1rjc,-57.72,252,13.685164,11.919175,8.560756
1wve,-46.55,1180,13.363203,7.114288,10.036931
1wqj,-34.61,142,12.481322,6.815889,10.254494
1wa7,-28.64,82,10.674998,6.974220,8.986225
1y3c,-60.51,345,9.038612,6.826088,10.301360
1y3b,-54.27,345,9.045871,6.952274,11.807978
1y1k,-54.35,345,7.730826,6.583118,10.516804
1y34,-52.99,345,9.111347,6.427203,11.597778
1y3d,-52.81,345,10.512134,6.767916,10.859878
1y4a,-50.92,338,8.893642,7.919430,9.418945
1y4d,-50.92,339,8.606788,8.269690,9.138984
1zli,-50.72,380,11.543636,7.972191,8.699724
1y33,-50.05,345,9.126920,6.447341,10.132689
1y48,-50.05,345,9.430183,7.094042,10.468495
1wpx,-49.91,625,12.917795,7.447965,11.424433
1zr0,-45.01,572,11.070387,7.568460,9.300971
2bo9,-48.65,1048,11.608437,8.152499,10.918816
2hev,-42.86,266,8.660682,10.350192,8.479300
2gng,-31.52,358,9.655929,7.176733,8.343203
2gww,-56.84,281,20.850391,6.763446,13.416332
1zvy,-57.08,254,9.916162,7.487967,8.109352
2cjs,-39.95,373,9.433604,7.266282,7.930250
2f6a,-38.24,1331,18.643789,7.815125,12.992990
2dx5,-19.87,172,10.112046,7.176143,9.469748
2b7c,-36.52,527,10.336364,7.366532,10.356079
2f5z,-51.99,4930,8.970063,8.789990,7.418469
2fu5,-52.25,517,10.344089,6.622997,9.271297
2ixq,-35.13,285,16.853859,7.321290,11.406384
1yk0,-51.47,809,10.850509,7.602465,9.250700
2f9z,-34.51,691,8.484482,7.010375,9.029861
2b42,-51.2,548,9.639389,9.346343,10.294147
2j1k,-51.13,3623,13.071013,8.423432,11.244815
2g2u,-33.69,430,10.504199,7.332605,7.591321
2i32,-33.6,345,7.806674,6.634470,8.760914
2d10,-50.05,1266,9.912655,7.009849,8.983337
2b87,-39.95,116,12.509927,6.699625,8.052440
2f31,-39.9,248,10.971733,6.844272,10.108320
2hth,-22.71,202,10.910595,7.081315,11.693928
2c0l,-39.74,414,11.882671,7.119982,10.074627
1zv5,-45.66,248,12.863079,12.288918,8.683947
2aq2,-45.43,344,10.832522,7.867795,12.303790
2fdb,-38.87,685,9.221869,7.742552,9.171638
2ftm,-61.62,281,9.257298,7.195179,8.690385
2den,-27.22,122,9.316785,5.933983,9.857681
1yrt,-51.37,420,8.189573,7.415577,8.281903
2g45,-31.68,386,11.643088,6.539256,9.173806
2fyl,-31.69,163,8.585867,9.022539,8.928754
2hd5,-31.69,391,10.820723,7.077704,8.055664
2j12,-43.94,302,11.012464,8.057359,10.235353
2hwn,-49.65,206,9.974988,6.438229,12.327116
2few,-13.88,240,15.258032,6.508907,10.675607
2fuh,-20.11,222,18.140770,7.398622,13.656909
2a24,-25.82,215,11.248233,7.635189,9.490484
2dsp,-31.52,148,10.182271,7.229205,9.221788
2hle,-42.23,321,10.437339,6.986008,10.630311
2djy,-25.1,62,10.808428,6.834527,7.900958
2h4m,-42.1,1687,12.143358,7.218305,14.231637
2arp,-36.34,253,9.156353,7.905245,8.906893
1yk1,-41.89,809,9.580025,7.913857,9.030107
2fju,-30.11,873,11.127579,7.278422,9.628510
2aq1,-47.14,1380,14.623819,7.557792,12.309828
2g2w,-35.59,429,9.467168,7.111545,7.887539
2es4,-47.38,1176,11.376568,6.936248,9.739984
2c7m,-29.64,132,9.025297,6.819470,6.748028
2c7n,-29.64,765,9.683273,7.599177,7.719891
2hsq,-46.69,284,16.088560,6.816815,9.729868
2ftl,-75.47,280,9.385631,7.204638,8.720424
2f4m,-41.02,356,22.572546,7.673775,11.776882
2aq3,-29.22,1376,14.284043,7.685872,11.851349
1zvh,-40.84,251,13.608366,6.183395,8.335514
2iy1,-34.84,618,9.287180,5.838476,10.706112
2bwe,-23.38,1047,11.217713,8.198534,9.521603
2a9h,-34.51,424,7.415031,9.405439,8.588570
2gh0,-40.22,598,9.811747,7.647948,8.600743
1zgu,-22.88,215,11.868712,7.437224,8.967034
2hrk,-45.92,298,13.260647,7.992657,9.423450
2j7p,-45.66,1107,10.754337,6.920701,8.064130
2j0t,-53.64,854,30.637522,6.639662,12.580406
2abz,-48.82,826,13.762959,8.046721,10.728142
2o3b,-65.61,376,9.246146,8.820869,7.649538
1yvb,-46.73,352,17.623581,6.754959,12.524402
2j8x,-46.21,623,10.165601,7.717176,9.901682
2omy,-38.24,566,11.309291,8.414022,9.899141
2qxv,-36.64,381,10.869134,7.049080,10.532927
2oin,-35.92,369,9.084905,6.360121,9.657408
2odg,-35.55,225,11.318964,6.545392,9.791268
2omu,-52.64,567,11.445878,8.593565,9.884987
2o98,-51.77,573,9.150588,7.794414,8.356875
2gox,-51.92,724,8.593364,8.784557,8.251346
2i9b,-51.47,1514,16.554134,9.410544,9.089978
2ifg,-51.63,911,10.177075,7.732263,10.841281
2nyz,-51.63,869,13.304241,6.993769,9.352520
2pkg,-34.1,1318,11.326097,7.896945,8.568946
2i25,-51.37,489,9.339814,7.601303,8.693273
2qej,-51.13,803,12.060320,8.263480,10.661873
2omv,-50.92,564,11.639294,8.421776,9.844145
2pon,-33.41,179,10.434457,6.846139,9.020662
2ot3,-32.79,410,14.076811,7.288317,9.254918
2pms,-45.59,880,7.789084,8.061968,8.473199
2ju0,-39.95,227,15.685159,7.984971,12.102709
2omt,-39.95,567,11.872784,8.442036,9.921003
2q7n,-62.78,1320,10.997647,6.900891,8.615600
2qc1,-62.78,286,15.532043,7.698607,13.281940
2omw,-28.54,566,12.560032,8.884589,9.599130
2qiy,-39.52,317,11.087133,6.433770,9.616659
2omx,-39.5,569,10.875065,8.596869,9.810515
2noj,-45.01,1344,10.995820,8.724592,8.029410
2rf9,-27.89,602,10.619563,7.019629,11.344037
2q0o,-44.67,643,10.577623,7.914777,9.230665
2r9p,-27.7,1128,6.847820,7.369156,8.240421
2oor,-44.58,915,14.208639,7.455198,11.665668
2phe,-27.53,158,7.059792,7.371352,8.086527
2rmk,-38.64,273,10.805418,7.581674,8.912731
2ij0,-55.62,621,12.553597,8.714712,8.297895
2p4a,-55.62,490,10.966230,8.591725,9.506732
2jgz,-17.12,548,10.222306,8.726002,8.391973
2p1l,-32.18,660,9.250728,6.995047,8.578246
2oza,-49.1,672,9.507376,7.827341,9.269551
2i3t,-31.78,1484,9.388057,7.411219,8.749210
2ot8,-43.94,1674,9.990697,9.878699,8.605522
2ra3,-61.07,562,8.892806,7.144598,8.098917
2v8s,-26.58,230,8.774070,10.866953,8.804806
2p49,-43.6,242,11.038122,9.214548,10.047143
2j8s,-43.11,3426,13.093114,7.965631,9.559198
2v6x,-25.99,119,12.199439,7.045937,9.158650
2yvj,-20.16,909,13.040573,7.442269,10.564593
2hqw,-49.65,160,6.544248,7.392666,9.577590
2iou,-31.16,3272,11.641158,7.732467,12.308201
2i3s,-31.07,1102,9.514318,7.182520,9.039467
2iyb,-31.07,705,13.283914,7.332745,10.438027
2psm,-60.06,371,7.200291,7.482406,7.166770
2iwg,-42.42,776,23.108002,10.022004,11.419588
2z3q,-59.48,389,8.655189,7.885601,8.371225
2z3r,-59.48,1534,8.641410,7.593588,8.544859
2vda,-31.52,856,11.965582,6.902972,14.143772
2pop,-30.69,810,13.544977,7.527138,10.722667
2z8w,-47.53,902,10.943226,7.349932,8.146260
2z8v,-47.48,902,11.291571,7.443682,7.908516
2omz,-36.52,571,11.399403,8.408739,9.975439
2ihs,-42.23,433,11.321445,7.148047,8.985558
2jt4,-25.1,147,9.743635,7.240544,8.121050
2ptt,-30.81,211,8.787640,8.511418,7.609044
2j59,-41.44,1669,12.604809,8.664620,10.485399
2oob,-24.22,116,9.769244,7.254497,8.003554
2v3b,-30.26,434,9.318962,7.385751,9.250008
2qho,-24.1,488,13.557666,6.927599,11.224851
2onl,-46.93,1307,11.781758,8.625673,9.441545
2ibf,-46.28,302,12.264759,6.336935,9.393812
2v9t,-46.15,317,10.114487,9.428593,12.485468
2uyz,-40.45,234,7.810956,8.525144,8.504871
2px9,-23.16,375,10.013155,11.005818,7.882366
2i26,-45.81,736,10.356520,7.951145,9.260927
3biw,-40.03,2840,10.319841,7.976437,8.590170
2o8v,-34.01,337,9.211366,6.542801,7.772865
2g81,-44.9,279,11.217043,7.849030,8.730964
2nz1,-44.2,1305,16.407631,6.869054,11.174596
2jod,-36.85,139,10.996140,7.514157,9.234149
2nqd,-59.41,330,9.375937,6.175117,9.686297
2uuy,-47.1,275,9.837127,7.025469,8.469622
3c5t,-54.35,129,12.268449,7.976140,8.499039
2z7f,-46.73,268,,7.133142,
3brt,-44.2,205,16.277115,6.191406,8.736708
3brv,-43.54,204,15.870677,6.284687,8.949525
2qur,-37.68,358,9.581915,7.309114,8.794500
3c59,-49.1,128,13.405966,7.743657,8.475411
3ehu,-31.29,914,7.906906,7.051049,10.134874
2za4,-56.24,390,10.104519,8.839926,8.150541
2vdb,-56.07,629,8.733440,6.822254,8.391044
3dxc,-38.0,307,15.835460,7.685940,10.324745
2k05,-38.24,206,7.817285,8.212222,7.911209
3dvu,-38.24,309,11.292022,7.133774,8.773889
2roz,-37.07,168,15.346016,7.835437,10.087364
3dxe,-36.99,308,16.005501,7.784603,10.338914
3dxd,-36.92,307,15.947618,7.698384,10.301086
2vlp,-70.01,216,8.853746,8.593725,8.501044
2jti,-35.56,397,9.312366,8.042706,9.549540
2jzn,-18.84,431,14.396116,7.577349,9.574946
1vsq,-18.84,429,14.641473,7.577349,9.662671
3ddc,-34.89,299,7.532412,8.023563,8.497988
2vof,-52.25,332,8.551150,6.721838,8.560393
2vlo,-68.78,222,8.831635,8.552741,9.126320
2z34,-34.54,347,8.652158,6.583335,9.831717
3c4m,-34.3,978,9.450139,7.888782,7.679478
3f5c,-34.51,607,15.767300,7.553495,9.048285
2v51,-34.25,759,9.188254,7.047081,8.388674
2qja,-51.13,386,13.513027,7.437538,10.569031
2voi,-51.13,174,7.866678,6.705153,9.231435
2v4z,-33.69,438,13.122919,8.743528,6.534766
2jjt,-33.79,455,7.731538,9.271841,7.934458
2jjs,-33.79,465,8.536612,10.024450,8.075233
2jki,-33.02,921,9.568038,10.605206,8.514441
2vln,-67.21,214,8.804195,8.590598,8.540645
2v52,-32.66,390,11.148962,8.031976,8.079645
2p45,-39.59,240,11.384897,8.236731,10.463161
2p46,-39.59,472,11.239470,8.346974,10.475589
2p48,-39.59,240,11.266395,8.213442,10.406815
2p47,-39.59,239,6.066732,8.736289,10.607179
3ch5,-22.38,230,12.105374,6.643907,11.315529
3eg5,-33.69,1030,10.308073,8.770690,9.904086
3eab,-28.09,759,9.619487,7.744812,8.532678
2ver,-27.87,253,13.509581,7.572477,11.203353
2rms,-39.23,132,11.004066,6.555715,9.777922
2q5d,-44.56,1775,8.416846,10.029130,8.514716
2p8q,-44.56,912,8.352641,9.038880,8.153199
2rnr,-38.95,170,7.925436,8.165911,7.524769
2z58,-44.5,384,11.801308,6.858125,11.911597
2k6d,-21.5,138,9.289801,7.219621,9.553885
2otk,-44.35,111,13.988947,5.743402,10.011292
3d5r,-44.07,724,7.374991,7.608114,7.922149
2voh,-51.37,179,8.834061,6.688633,8.804127
3dgc,-51.37,691,8.754598,8.616649,9.189713
3d5o,-34.25,1191,15.215871,8.741779,11.061298
3eba,-49.24,252,8.387198,7.714920,8.817931
3e2u,-32.18,383,6.785516,6.921542,9.061452
2qj9,-49.2,386,10.619268,7.336299,10.144389
2k3s,-31.78,186,8.475554,7.587803,7.939992
3eoy,-48.82,1577,9.527746,8.028257,8.414368
2p44,-43.94,237,11.098077,9.263992,10.044708
2jy6,-26.82,128,10.428482,6.884354,9.563529
3bn3,-26.82,376,10.014313,8.030497,8.688222
2vog,-38.11,167,11.569799,7.217163,9.705125
2vlq,-60.74,218,8.798737,9.065653,8.555155
3bk3,-43.71,342,7.370297,6.824708,12.846006
2p43,-43.6,244,11.101183,8.215879,10.243269
2p42,-43.6,484,10.963923,8.502973,10.184138
3d5s,-43.29,724,8.320230,8.026248,8.165141
3blh,-37.23,546,10.366537,7.480810,8.568131
3ech,-37.23,288,7.702543,7.291403,9.376228
3d7u,-25.82,1020,10.032331,10.598576,8.056400
3cx8,-36.92,512,12.469551,8.196528,8.957551
2k42,-42.56,108,11.125731,6.264877,8.528500
2vsm,-42.56,550,11.089424,8.704129,10.230269
2k2u,-36.78,150,9.113216,6.819273,8.984614
2efh,-42.49,796,13.796332,7.776933,9.578177
3c66,-31.52,1105,10.914738,6.236831,8.954069
3bp8,-47.85,911,9.787003,6.913683,9.518980
3dvm,-47.74,162,7.970229,7.246774,9.432490
3c4p,-47.7,430,9.249077,7.630023,7.988815
3cqx,-30.52,918,9.629890,7.466881,8.919658
3c4o,-47.59,430,9.917040,7.525169,7.962673
3cx6,-30.36,505,16.428804,7.497575,9.091437
2qjb,-47.43,382,12.900808,7.489963,9.303527
2jtt,-30.31,242,11.668918,6.431153,8.604774
2vyr,-41.99,1336,11.264886,7.986555,10.415056
3ejj,-36.2,565,9.825263,9.327649,9.706811
3cqc,-47.93,433,8.665275,7.335730,9.015230
3cqg,-47.93,409,8.873232,7.719526,8.820487
2k5b,-30.81,339,10.442658,8.451569,7.818594
2ve7,-30.81,1010,13.885479,7.124689,11.287861
3beg,-41.67,434,14.936598,22.183945,8.044012
3cx7,-35.87,512,14.136855,8.008803,8.993534
2efd,-46.44,796,13.664486,7.644900,9.065406
3c9a,-46.31,511,11.241777,7.538445,10.673353
2vay,-46.25,167,9.975316,7.347474,9.698075
3d7t,-23.71,514,10.185670,9.184493,8.374656
2v5q,-40.8,829,12.257539,8.730364,9.129877
3crk,-29.0,903,9.327475,6.755050,9.431774
2qna,-40.42,774,11.638863,9.401088,8.577868
3bik,-29.09,446,11.235070,8.540460,10.343733
3bs5,-40.15,157,6.529616,7.424725,6.636833
3bh6,-40.08,475,11.002252,8.168597,10.163372
3bx1,-33.6,900,16.481243,7.195986,13.586531
3d1m,-33.6,484,7.690983,9.481439,8.368131
3b4v,-60.06,1280,10.367049,7.716743,10.471378
3fju,-50.2,372,13.627228,8.182473,8.136546
2oul,-50.05,348,9.477755,6.365238,10.750643
3ixe,-33.9,241,,,
3iol,-37.68,126,,,
2w84,-40.84,77,9.742374,7.892375,10.122261
3da7,-39.3,774,7.823943,8.617770,8.267694
3fp6,-74.2,281,8.707187,7.204816,8.155427
2wjv,-38.24,1654,16.992134,7.372305,10.767259
3inb,-38.24,1044,,,
2kbw,-37.07,191,10.493108,6.405561,9.890268
2khs,-36.78,156,10.515439,7.366620,8.466847
2wel,-37.23,449,6.960562,7.126394,8.850174
2w83,-36.4,613,10.399713,7.603794,8.378139
3g3a,-36.34,1168,10.584173,7.922297,9.716149
3gty,-53.24,561,,,
2zvk,-36.52,777,13.066929,6.095840,9.744658
2k79,-18.12,171,11.373523,7.197517,11.194021
2k7a,-18.12,171,11.114572,7.363961,11.041801
3idc,-52.64,501,,,
2wp0,-34.43,532,9.051239,7.354236,12.865708
3knb,-34.4,194,,,
3h3g,-34.27,493,,,
3ew3,-50.92,569,9.280722,7.932185,9.338223
2wy2,-16.47,412,13.546282,7.532657,10.094944
3hcu,-33.27,509,,,
3hct,-33.27,252,,,
2zvo,-33.08,471,8.377515,7.390810,8.561682
2zvn,-33.08,931,9.115896,7.466703,8.588488
2k8c,-15.67,156,9.614597,7.801124,9.865227
2k8b,-15.67,156,9.402527,7.727130,9.566789
3htu,-32.79,439,,,
2wo2,-28.35,314,11.484982,6.534547,10.850921
3k8p,-45.66,869,,,
3idb,-45.36,492,,,
3eiq,-39.72,1013,9.998826,8.749063,7.740318
3ifq,-39.59,1258,,,
2knb,-28.3,138,9.135272,10.112246,8.790804
3hh2,-45.15,771,,,
3h2u,-27.97,915,,,
3f1p,-22.38,225,12.719639,8.294594,10.576134
3gni,-45.21,639,16.387440,8.059889,9.626479
3ff8,-22.18,425,,7.446849,13.676538
2wqz,-39.27,1443,8.932044,8.543567,9.213684
3hpw,-27.89,235,,,
2w19,-39.12,983,10.002032,7.131360,8.080922
2wfx,-44.83,570,8.120654,9.393469,8.915205
3hg0,-44.5,523,,,
3di2,-27.08,616,11.571547,7.205268,9.816605
3g9v,-68.49,613,9.035786,7.392601,8.729103
3kv4,-34.25,444,,,
3gc3,-32.41,678,11.515800,7.249026,9.506207
2wo3,-32.18,318,12.451203,7.064281,10.063911
2k8f,-31.78,129,11.369198,6.955732,9.643481
2kc8,-38.24,128,9.450243,6.668101,7.706570
3ff7,-21.11,419,16.731207,8.030877,10.643576
3gxu,-38.2,309,,,
3doe,-43.94,303,11.322194,7.158981,10.109779
3g7z,-61.07,269,8.168039,6.889551,8.246871
3fhc,-43.75,605,8.978660,9.759519,8.452897
3di3,-43.82,311,10.530021,7.254613,9.378497
3h8k,-43.82,192,,,
3h2v,-26.57,977,,,
3ho5,-38.0,1051,,,
3jvf,-37.3,478,,,
3etb,-60.15,1489,7.307997,8.639561,8.832820
3gqi,-42.7,530,9.741054,7.182919,9.026393
3g3b,-42.63,1065,11.403141,8.605124,10.065946
3g9w,-25.36,500,9.977776,7.106482,8.418437
3gj8,-31.52,461,10.611283,6.250499,9.522574
2zxx,-47.7,644,12.182981,8.127828,8.472578
3it8,-59.17,2706,,,
3gj5,-24.7,454,10.628287,6.380645,9.620258
3f7p,-24.6,1069,9.731857,8.341011,7.817281
3gj3,-24.6,229,10.873391,6.388203,9.836843
2w81,-47.93,1083,9.442654,9.666400,10.134067
2w80,-47.93,1467,11.001215,9.354736,10.316715
3gj7,-30.81,457,10.321151,6.365136,10.536778
3kls,-47.14,3482,,,
2ka6,-41.57,137,7.659549,6.653291,8.654600
2k2s,-41.53,191,9.695967,6.427251,8.539319
2ka4,-41.3,157,9.809603,6.470544,8.821001
3ejh,-30.26,210,8.558312,6.426690,8.447534
3gb8,-29.61,1227,11.472409,7.972469,10.065742
3gj6,-29.61,229,10.647064,6.124141,11.506317
3gj4,-29.57,453,11.126877,7.082645,10.936699
2kj4,-41.02,119,7.633817,7.954775,7.768770
2wg3,-40.71,1120,11.471418,11.170663,8.720457
2wg4,-40.7,566,7.794467,9.560121,8.989030
2wwx,-40.54,370,10.581234,7.617617,8.040595
2k3u,-46.09,111,8.540433,6.534061,8.368786
2kde,-28.83,263,9.452124,7.334760,9.587792
2wx0,-29.09,351,10.732783,6.370838,9.496208
3ia3,-40.13,450,,,
3bzd,-22.93,343,8.234944,7.618975,10.948283
2kgx,-28.8,265,8.975459,8.929420,8.927773
3gmw,-58.8,832,9.991911,7.140926,8.235573
3fxd,-43.94,214,8.066014,6.534451,8.658899
3fsh,-47.38,355,8.578363,6.987203,8.361210
3h8d,-40.51,614,,,
3e1z,-59.61,321,15.104166,6.059479,9.883392
3h6s,-57.63,1480,,,
3fii,-49.78,429,13.874413,7.148284,10.716595
3fie,-51.37,875,9.823914,6.905604,9.706049
3k9m,-49.65,704,,,
3e2l,-58.0,839,11.927571,8.154163,8.610810
3e2k,-58.0,843,11.752396,8.091183,8.267836
3g7a,-45.92,66,16.008522,7.049227,9.698553
3f50,-45.92,60,11.113804,7.603060,12.182922
3n00,-39.72,205,,,
3mc0,-39.4,673,,,
3fpu,-56.62,166,9.431049,6.555976,10.495668
3laq,-55.76,767,,,
2wpt,-39.95,195,8.625132,9.710908,8.869995
3ogo,-54.19,1369,,,
3l9j,-54.04,279,,,
3mca,-36.58,718,,,
3kuc,-36.27,243,,,
3o6q,-53.29,368,,,
2kwj,-35.96,133,7.320381,7.139910,9.037099
2wp3,-34.82,196,9.029970,6.560388,8.636260
2wwk,-33.63,198,9.934589,6.533379,8.638555
3oky,-33.6,1149,,,
3ma2,-33.19,575,,,
3kud,-32.93,241,,,
3m0a,-32.93,260,,,
3osl,-49.91,740,,,
3k75,-39.72,791,,,
3kz1,-39.72,1075,,,
2xb6,-39.61,1424,12.688241,7.819934,8.735312
2kxh,-27.7,230,9.345895,6.322882,7.742523
3k6g,-44.42,371,,,
3oak,-38.65,362,,,
2x1w,-44.5,1154,12.095405,7.355434,10.148478
2x1x,-44.5,304,13.398518,7.463052,12.254354
2l0f,-21.49,121,9.319557,6.258818,8.945970
3m63,-38.57,1025,,,
3m18,-55.62,372,,,
2kwi,-38.44,234,9.763700,8.417928,9.997925
2wh6,-44.2,179,10.088537,6.500296,8.197385
2rr3,-32.41,172,7.607619,7.357463,8.482870
3onw,-49.3,702,,,
2kwk,-32.18,134,7.555718,8.780212,8.627140
3mjh,-32.08,402,,,
3mhp,-31.74,611,,,
3a4s,-31.69,446,7.806906,8.834526,8.553730
3ohm,-38.24,1077,,,
3hug,-43.94,1363,,,
3ncc,-3.85,392,,,
3kyi,-20.9,231,,,
2xdf,-26.7,1316,9.181210,7.699440,9.674843
3o6b,-37.92,1272,,,
2wd5,-43.71,368,11.280898,6.350575,8.537537
3mzw,-60.83,622,,,
3ouw,-43.6,524,,,
2ktf,-26.47,108,10.645123,6.119031,8.390347
3l89,-37.37,3715,,,
3nvq,-37.34,2124,,,
3kj2,-49.65,173,,,
3kj1,-49.65,174,,,
3kj0,-49.65,181,,,
2wvw,-32.53,5416,8.420708,7.712307,8.405897
3npz,-31.4,587,,,
3n06,-14.32,392,,,
2l14,-31.44,108,8.537842,7.193577,9.933355
3m9d,-31.21,2418,,,
3oiq,-30.94,213,,,
2xgy,-25.82,294,9.247492,7.215705,8.837284
2xqr,-42.86,4098,12.371140,7.578364,8.052461
2xa0,-42.54,326,7.895967,6.174618,8.278655
3oux,-42.56,550,,,
2wy8,-36.78,358,8.430722,11.132902,7.661753
3kw5,-36.61,298,,,
3jza,-65.77,361,,,
2x9a,-30.57,302,9.473538,6.645511,8.734246
3mzg,-13.15,392,,,
3ajb,-42.18,319,7.638129,6.360540,8.720479
3lbx,-36.52,322,,,
2kwo,-24.71,133,7.193337,10.285418,8.355330
2kri,-24.76,120,7.787190,8.508279,7.748499
3im4,-41.77,126,,,
3n0p,-13.08,392,,,
3ol2,-30.02,1110,,,
2kvq,-24.55,139,15.566798,7.476315,10.179356
2kwu,-24.5,112,9.283851,6.452043,9.091328
2kqs,-24.3,117,7.804533,6.938240,8.104138
3mj7,-30.26,418,,,
2x2d,-29.76,609,,6.566707,
2l0t,-23.94,239,8.569636,7.039190,9.353425
2wy3,-40.98,610,12.597224,8.737565,10.724002
3lb8,-23.86,1043,,,
2kyg,-40.95,138,12.677928,6.093618,8.334054
3me2,-58.03,322,,,
3k2m,-46.55,399,,,
3egg,-46.01,814,9.250390,7.764585,8.782274
3kbt,-45.84,886,,,
3gs2,-45.87,276,9.922620,7.733389,8.682280
3nvn,-45.81,857,,,
3ixs,-40.22,812,,,
2kwv,-23.09,112,9.668602,7.759733,9.129963
3ncb,-5.89,392,,,
3k1r,-51.37,266,,,
2wus,-30.26,837,8.965623,8.772931,9.332480
3lms,-50.92,383,,,
3l33,-39.19,1104,,,
2xtt,-61.07,258,11.520838,7.923274,8.791483
3kz0,-37.46,334,,,
2yj1,-45.01,321,9.121846,6.655719,9.331540
3qbr,-42.63,371,,,
3zrz,-60.06,214,,,
2xqw,-38.5,711,9.097165,9.443685,10.292594
3p71,-36.64,618,,,
3alz,-35.87,526,10.820930,8.072324,9.104248
3au4,-35.82,556,12.439270,6.111025,11.382220
3tac,-35.73,616,,,
3ry6,-18.84,595,,,
3oed,-35.96,848,,,
3ona,-35.2,224,,,
3syn,-35.51,1096,,,
2y8s,-51.4,848,12.227050,6.666199,10.524261
3qbt,-34.51,1217,,,
3n4i,-51.13,430,,,
3qhy,-68.26,529,,,
3rt0,-33.79,972,,,
3noc,-50.36,3391,,,
3o5t,-33.24,395,,,
3qq8,-33.24,257,,,
2kxw,-45.66,100,12.418093,6.854747,8.609231
3qc8,-28.26,250,,,
2xze,-39.65,322,9.905607,7.374400,8.068767
3qlu,-45.43,1498,,,
2xbb,-28.3,904,12.050306,7.713318,11.862965
3rbb,-45.15,378,,,
2l2l,-45.13,79,10.270114,6.754286,8.005574
3onl,-28.09,371,,,
3oj2,-39.3,688,,,
3ojm,-39.3,356,,,
3qml,-45.01,1282,,,
2y8t,-44.79,855,12.793976,6.573034,10.510270
2xpx,-38.95,176,14.201616,6.168037,9.617079
3zs9,-38.95,661,,,
3zwl,-38.79,769,,,
3b08,-27.19,836,10.056620,6.725183,9.417994
3rea,-38.51,372,,,
3q9n,-44.35,588,,,
3sja,-44.35,2002,,,
3sua,-26.96,2048,,,
2l9s,-32.29,139,13.695804,6.772695,10.651503
3owt,-31.98,316,,,
3sf4,-49.2,1183,,,
3rdz,-48.92,574,,,
3sgk,-48.73,586,,,
3r4d,-43.78,856,,,
3nog,-43.66,3382,,,
3qbq,-37.89,638,,,
2kt5,-25.99,164,11.840597,6.310897,9.909727
2y9m,-49.65,283,10.461345,7.965818,8.061220
3aon,-48.49,279,11.927378,7.029924,9.108590
3r9a,-31.14,1355,,,
2xhe,-48.0,787,10.855041,7.724793,9.436139
3t6g,-42.94,837,,,
3sjd,-42.86,919,,,
3oxu,-25.5,1252,,,
3q4f,-30.75,1536,,,
3qs7,-42.23,1627,,,
3r85,-25.02,633,,,
3pvm,-42.1,5704,,,
2x89,-41.99,744,8.224211,8.462858,8.120084
3q9u,-47.28,589,,,
3s8v,-41.67,1277,,,
3zs8,-41.62,705,,,
3t1q,-30.26,443,,,
3uyo,-29.49,208,,,
3rzw,-40.91,331,,,
3rgf,-46.53,587,,,
3zyi,-46.44,698,,,
3zyj,-46.25,1444,,,
3sku,-40.84,1219,,,
3s2k,-40.79,1298,,,
2l1l,-46.55,154,9.145247,6.805604,9.028884
2xns,-34.77,710,11.190560,6.731404,9.625236
3qht,-40.45,338,,,
2ld7,-45.87,169,9.719511,7.086868,8.608221
3olm,-23.08,486,,,
3qsk,-40.19,242,,,
3reb,-40.06,339,,,
2ygg,-43.94,212,8.154785,9.857519,10.086767
3t04,-41.57,201,,,
3ay4,-41.22,591,10.294153,8.395799,10.325428
4a1u,-35.77,163,,,
3qtl,-50.48,892,,,
3o40,-50.54,226,,,
3p95,-33.24,282,,,
3pnr,-45.23,369,,,
3zv0,-22.59,963,,,
4a94,-64.55,706,,,
3p92,-46.97,282,,,
3o43,-45.92,223,,,
4eah,-51.77,2852,,,
3ujg,-34.65,605,,,
3ukx,-60.06,449,,,
3ro2,-41.88,350,,,
4di3,-41.22,1439,,,
3uzq,-57.57,329,,,
2lxm,-57.63,199,8.374354,7.837649,7.977030
3v6b,-37.4,281,,,
3tsr,-89.6,2305,,,
4eee,-55.36,518,,,
4b1v,-37.07,763,,,
4etp,-36.71,666,,,
4g59,-36.4,853,,,
3uzv,-53.46,326,,,
3tkl,-36.34,363,,,
4auo,-36.52,912,,,
4dbg,-35.87,228,,,
3uz0,-35.68,503,,,
4dt1,-35.68,404,,,
3tei,-35.96,356,,,
3u9d,-35.96,756,,,
4ft4,-35.96,1391,,,
4apf,-35.31,605,,,
3twi,-35.51,859,,,
3ux9,-52.09,720,,,
2luh,-35.13,226,7.981544,7.194706,8.958046
4afz,-51.63,560,,,
4dra,-33.86,677,,,
4ehq,-33.6,165,,,
3u9z,-33.18,377,,,
4dm6,-33.24,502,,,
4dm8,-33.24,493,,,
4dxa,-32.79,470,,,
3qt2,-49.78,1051,,,
2lpb,-28.51,115,10.036597,8.473459,10.503539
4hcn,-22.67,322,,,
3ul4,-45.34,205,,,
3zuv,-39.56,958,,,
2lvo,-27.93,128,7.522115,6.078474,8.674772
2lkm,-45.21,214,14.386971,6.342507,9.590810
4fzv,-44.95,568,,,
2lvp,-27.81,204,8.359089,7.000635,8.663751
3vyr,-39.12,443,,,
2l29,-44.61,209,8.112931,8.882764,9.520696
3zwh,-33.18,235,,,
4f9p,-44.66,859,,,
3vhx,-27.53,1050,,,
3sri,-38.71,311,,,
3p9w,-44.5,875,,,
3u82,-44.33,531,,,
3v4y,-44.23,1340,,,
4g6u,-44.23,365,,,
4g8a,-55.54,1486,,,
2lox,-38.36,135,8.842978,7.504922,7.742558
4h6j,-38.36,217,,,
3t0y,-38.32,313,,,
3u43,-85.62,224,,,
4eoz,-34.25,797,,,
4giq,-32.42,319,,,
3ul0,-49.3,449,,,
4b93,-32.18,348,,,
4eqa,-49.18,592,,,
3ukz,-49.2,450,,,
4afq,-49.2,566,,,
4aqe,-32.08,444,,,
3uez,-66.22,1307,,,
3vpj,-48.84,1172,,,
3ul1,-48.91,447,,,
3ula,-48.78,832,,,
4f38,-48.73,382,,,
2lqc,-31.61,101,12.097963,6.883134,11.928514
4apx,-31.61,446,,,
3zwz,-43.91,333,,,
4ap2,-43.94,625,,,
4g6v,-43.81,936,,,
2lp0,-26.56,80,7.051406,6.979117,7.921342
2lvq,-26.52,204,9.540898,6.687667,11.730878
3qwq,-49.65,713,,,
4ayi,-49.65,482,,,
4etw,-31.44,660,,,
4f48,-31.36,338,,,
2leh,-48.41,215,15.838953,7.774431,10.228247
3u8x,-31.21,756,,,
3sjh,-31.21,379,,,
3tl8,-31.14,1560,,,
4dh2,-42.73,456,,,
4aye,-31.26,1091,,,
2ly4,-36.88,130,9.182006,7.824341,9.413615
4dge,-25.2,609,,,
3uyp,-30.75,322,,,
2y5b,-30.69,940,9.307446,7.053682,8.896040
4a49,-24.98,222,,,
3qi2,-41.93,695,,,
3qbv,-36.08,950,,,
2lp4,-13.69,353,9.854954,7.920575,9.795934
2lnk,-47.93,241,10.370329,6.332121,8.530149
2lfw,-47.1,219,10.058442,6.641911,9.408584
4gh7,-47.02,901,,,
4exp,-35.96,454,,,
3tu3,-41.35,645,,,
3oun,-41.3,347,,,
4a1s,-47.38,746,,,
4ag2,-46.85,565,,,
3zu7,-46.69,498,,,
4f9l,-40.98,891,,,
4did,-29.8,306,,,
4ds8,-29.19,471,,,
4ayd,-34.74,1084,,,
2lqh,-23.23,139,8.187342,6.845939,8.670155
3uze,-46.21,623,,,
4hcp,-28.69,320,,,
4dkd,-40.11,593,,,
4dj9,-39.98,265,,,
3ukw,-56.84,448,,,
4f0a,-32.08,412,,,
4dcn,-31.29,719,,,
4dvg,-31.52,458,,,
3uir,-53.43,601,,,
4gi3,-52.33,331,,,
3tg1,-34.22,464,,,
3v96,-51.13,323,,,
4dzv,-45.43,215,,,
4dg4,-31.78,1128,,,
4an7,-48.49,379,,,
2yq7,-42.56,163,9.561974,6.200047,8.794341
4g35,-41.48,147,,,
4hx3,-46.93,1466,,,
4ksd,-37.59,1300,,,
3tz1,-39.1,95,,,
3w8h,-38.73,256,,,
4k0a,-55.62,361,,,
4kbb,-38.5,867,,,
4hgk,-55.49,1172,,,
4gn4,-37.65,237,,,
4bpx,-37.68,1147,,,
4c4p,-37.68,223,,,
4hff,-54.62,251,,,
4hfk,-54.62,515,,,
4kt3,-54.71,265,,,
4b1y,-37.49,394,,,
3zet,-37.31,563,,,
3zeu,-37.31,1134,,,
4l67,-37.07,309,,,
4hdo,-36.78,473,,,
4iyp,-37.23,317,,,
4ic7,-36.34,942,,,
4bqd,-53.09,181,,,
4awx,-35.96,315,,,
4iop,-52.36,238,,,
4bfi,-35.51,393,,,
4gu0,-34.99,3019,,,
4fq0,-34.59,522,,,
4c5g,-34.17,471,,,
4kt5,-34.01,311,,,
4dx8,-33.71,1019,,,
4j32,-50.76,258,,,
3zkq,-50.92,489,,,
4hh3,-33.6,711,,,
4jeu,-50.54,783,,,
4jo6,-50.32,531,,,
4gko,-16.12,1987,,,
4h2w,-32.89,744,,,
4gaf,-67.04,458,,,
4hsa,-49.78,965,,,
3vep,-28.47,458,,,
4asw,-39.95,239,,,
2m04,-45.66,199,9.763759,7.318511,8.204245
4hem,-45.66,755,,,
2m49,-28.54,434,9.745770,9.386104,7.690426
4geh,-45.27,530,,,
4c99,-39.63,514,,,
4h5s,-27.99,196,,,
2m0j,-45.21,176,9.314883,6.880912,9.489182
4jeg,-45.21,207,,,
2lz6,-28.09,136,9.040057,7.123137,9.462854
4llo,-27.85,1143,,,
4jw3,-33.33,416,,,
4je4,-44.83,195,,,
4jzw,-61.71,723,,,
4kgg,-38.9,608,,,
4j6g,-44.45,603,,,
4kr0,-44.39,936,,,
4hgm,-44.5,581,,,
3znz,-38.29,412,,,
4ios,-44.07,861,,,
4eig,-51.37,276,,,
4hrl,-51.37,331,,,
3w8i,-49.47,251,,,
2m86,-49.0,134,12.229762,7.404685,10.763733
4glv,-48.71,941,,,
4iu3,-43.84,443,,,
4bru,-38.24,404,,,
4aoq,-38.21,773,,,
4i6l,-43.94,292,,,
4h2s,-26.64,699,,,
4ekc,-43.71,890,,,
4ekd,-43.71,450,,,
3wa5,-43.1,520,,,
4c9b,-43.07,666,,,
4jra,-43.11,1005,,,
4bsr,-49.65,1170,,,
4h3p,-32.53,713,,,
4ng2,-31.36,1368,,,
4g01,-31.21,402,,,
4k81,-31.07,1660,,,
4jw2,-48.13,263,,,
4hep,-37.23,292,,,
4gn5,-42.85,478,,,
4ihl,-36.88,472,,,
4gla,-25.41,436,,,
2m55,-25.43,167,9.306662,8.099508,8.760983
4kgq,-42.49,609,,,
3v3k,-42.31,3238,,,
4lad,-42.35,223,,,
4hnj,-48.65,294,,,
4eiz,-48.65,572,,,
4euk,-30.75,288,,,
4b1x,-30.61,385,,,
4gn3,-30.46,2104,,,
4kjy,-59.27,456,,,
3zo0,-36.3,388,,,
4i0c,-36.17,513,,,
4krl,-41.83,327,,,
2m5a,-41.77,116,11.458357,7.232315,9.410100
4i9x,-46.94,572,,,
4brw,-41.67,406,,,
3vv2,-58.7,385,,,
4kt1,-41.37,551,,,
4ika,-24.2,482,,,
2lww,-41.35,170,8.823580,6.865099,9.038441
4ihh,-41.26,2336,,,
4bkx,-30.26,530,,,
4aor,-41.18,771,,,
4iw4,-35.47,755,,,
3wn7,-46.44,620,,,
4jeh,-46.18,777,,,
4ka2,-63.22,361,,,
2m0g,-40.39,249,10.548144,7.599411,9.156725
4j2l,-40.26,294,,,
4dpg,-40.22,4148,,,
4lqw,-22.98,625,,,
4fza,-39.98,605,,,
3vux,-28.8,327,,,
2m5b,-28.54,188,11.278802,5.839032,9.332251
3w6j,-41.39,956,,,
4j2y,-51.69,388,,,
4doq,-39.12,754,,,
4bd9,-42.86,469,,,
4ilw,-47.01,682,,,
4nst,-35.18,1126,,,
4bpk,-45.11,303,,,
4plo,-42.35,604,,,
4pbz,-41.67,408,,,
4lgr,-56.84,375,,,
4mit,-38.52,879,,,
4m1l,-38.5,168,,,
3wkt,-39.95,1618,,,
4pz6,-38.11,755,,,
4lgp,-55.01,753,,,
4ml7,-54.61,455,,,
4qt8,-37.4,1719,,,
4jmf,-37.25,282,,,
4peq,-89.6,1156,,,
4pc0,-38.24,846,,,
3wry,-37.15,1705,,,
4pl8,-37.07,726,,,
4qxa,-37.07,319,,,
4p1n,-36.78,497,,,
4nqw,-36.4,221,,,
4r8g,-36.01,748,,,
4lrz,-35.96,2017,,,
4ofy,-35.5,1905,,,
4kdi,-35.1,463,,,
4kvg,-35.13,818,,,
4cmm,-34.8,236,,,
4mrt,-34.45,302,,,
4nso,-51.42,285,,,
4byf,-34.51,1690,,,
3wdg,-50.92,326,,,
4pqt,-34.01,261,,,
4u0q,-34.01,933,,,
4cu4,-33.79,714,,,
4re1,-33.79,505,,,
4w6y,-50.24,274,,,
3wkn,-50.2,2010,,,
4qlb,-33.08,2725,,,
4kv5,-50.05,1366,,,
2mcn,-32.66,133,7.985095,7.379709,7.513231
4cdk,-32.66,1040,,,
4k1r,-28.49,531,,,
4k5a,-45.59,325,,,
4q96,-22.51,551,,,
4cj2,-45.43,381,,,
4pas,-39.37,74,,,
2ru4,-39.38,199,12.637184,6.404830,10.903853
4m38,-28.09,674,,,
4m5f,-62.04,523,,,
2mbb,-22.18,114,9.436201,7.596092,8.236492
4p3y,-39.02,567,,,
4ons,-44.53,552,,,
4pou,-38.84,240,,,
4lrx,-27.53,1302,,,
4n7z,-38.54,248,,,
2mej,-27.22,339,10.141799,7.278419,8.096267
4d0n,-27.07,550,,,
4v2c,-27.08,858,,,
4myw,-44.06,1070,,,
4bwq,-26.86,635,,,
2mre,-26.95,112,9.079852,6.549670,8.796957
4per,-85.62,567,,,
4u2x,-51.37,1162,,,
3wrx,-32.41,1699,,,
4pbv,-32.08,1095,,,
4u5w,-31.85,550,,,
4ra0,-66.03,1145,,,
4c4k,-31.78,191,,,
4mqv,-31.61,182,,,
4mjs,-43.75,2060,,,
4oyd,-55.12,548,,,
4ojk,-26.58,404,,,
2mnu,-37.89,119,10.172482,7.971166,9.393060
2ruk,-26.35,128,6.762817,8.853309,7.310430
4bxl,-37.78,114,,,
4nl9,-37.69,248,,,
2mp0,-9.14,398,10.209057,8.347820,8.379457
4nzl,-43.39,314,,,
4ct0,-43.11,582,,,
4x7f,-43.11,836,,,
4p6i,-37.31,1291,,,
4w6w,-48.21,265,,,
4x7d,-48.26,840,,,
4u4c,-37.15,980,,,
2mak,-20.03,210,10.490006,6.983820,7.255916
4lyl,-42.86,2440,,,
4n7v,-42.78,477,,,
4v0o,-36.86,1938,,,
4v0n,-36.86,1927,,,
4qzv,-25.38,1870,,,
4msm,-31.52,524,,,
2mj5,-30.63,128,9.198608,6.490222,10.555445
4ol0,-47.53,1074,,,
4noo,-47.42,578,,,
4ovn,-41.88,1373,,,
4pp8,-36.03,546,,,
4cj1,-41.77,607,,,
4lzx,-47.35,182,,,
4w6x,-47.26,267,,,
2mfq,-30.16,137,11.045555,6.655279,10.417715
4lxr,-46.97,885,,,
4nzw,-35.94,575,,,
4pbw,-35.72,1359,,,
4js0,-30.26,207,,,
2mjw,-29.72,390,11.388886,6.982097,8.258170
3wwn,-29.56,317,,,
4m0w,-29.53,393,,,
4ln0,-46.62,457,,,
4k5b,-52.46,601,,,
3wo3,-40.87,2624,,,
4m6b,-46.51,418,,,
4x7e,-46.55,847,,,
4mp0,-46.01,644,,,
2mur,-28.73,122,8.756336,6.853289,8.561769
4c2a,-45.74,468,,,
4kfz,-40.11,548,,,
4cj0,-40.0,594,,,
4c2b,-45.92,1845,,,
4l0p,-45.92,314,,,
2mlz,-27.7,539,11.665284,7.397296,10.322306
4c7n,-51.37,98,,,
4q5u,-68.49,169,,,
2mly,-32.53,582,14.754725,7.260940,13.011378
4mne,-42.05,2179,,,
2mlx,-30.81,523,9.475771,7.555277,9.363299
4niq,-30.26,203,,,
4u30,-39.16,1112,,,
4u32,-36.65,278,,,
4nm3,-24.1,376,,,
4nu1,-24.1,375,,,
4zgm,-55.49,128,,,
4ywc,-37.73,402,,,
5agw,-47.33,306,,,
4zii,-42.7,176,,,
4rws,-48.65,508,,,
5bnq,-55.97,322,,,
4yh7,-38.95,909,,,
4wen,-39.95,374,,,
4zkc,-55.12,277,,,
4qlp,-55.01,374,,,
4rwt,-37.89,1186,,,
4zk9,-54.91,277,,,
4x33,-37.68,384,,,
4zi2,-36.4,615,,,
5abv,-52.99,947,,,
5dfw,-53.09,312,,,
5d3i,-52.64,739,,,
4yoc,-35.51,1411,,,
4zgy,-35.13,508,,,
2mzd,-34.57,115,8.062386,6.736849,8.860239
2n2h,-34.43,152,18.184958,6.557310,12.345778
5cff,-34.08,618,,,
4xxb,-33.27,193,,,
4xl5,-50.54,471,,,
4zlt,-50.54,879,,,
4y5o,-33.41,181,,,
2mv7,-50.27,94,10.416887,6.471358,10.307474
4yc7,-32.67,470,,,
3wqb,-49.91,696,,,
4d0g,-32.79,213,,,
4rey,-39.76,218,,,
4x7s,-45.66,440,,,
4s0s,-45.34,726,,,
5brm,-39.52,1054,,,
5bn5,-28.3,965,,,
4ui1,-39.42,353,,,
4z80,-45.21,995,,,
4pw9,-27.79,446,,,
5d1l,-39.1,257,,,
2rvb,-39.06,156,8.492516,7.826416,6.915672
4uyq,-61.95,217,,,
4wwi,-44.62,755,,,
2mro,-21.83,120,10.522083,6.678682,9.111023
4zqu,-44.5,298,,,
4yeb,-44.35,588,,,
5d1k,-38.5,256,,,
4ypi,-44.02,1500,,,
2n01,-34.25,129,8.583092,7.525649,8.262133
4zrk,-34.25,1258,,,
5dob,-34.25,402,,,
4yvq,-32.49,203,,,
4ydh,-31.93,1014,,,
4zgq,-31.97,374,,,
4zrj,-31.61,379,,,
4uyp,-61.07,436,,,
5cmn,-38.0,2272,,,
4rs1,-43.5,372,,,
4zv4,-43.6,1105,,,
5cyk,-37.69,804,,,
4rjf,-37.68,816,,,
4xlw,-37.57,1476,,,
5ajk,-31.84,978,,,
4pgj,-43.29,483,,,
4xhu,-43.29,846,,,
4pvz,-43.17,898,,,
4yyp,-37.4,119,,,
4yiq,-32.53,429,,,
5e6p,-32.53,579,,,
5aam,-48.06,646,,,
4xl1,-37.2,676,,,
4cvw,-60.06,1948,,,
5a6w,-42.86,227,,,
4wnd,-42.71,355,,,
5ajj,-31.35,167,,,
4tq1,-19.73,290,,,
4y61,-36.81,626,,,
4xkl,-25.16,217,,,
5aoq,-47.87,640,,,
4w4o,-47.81,683,,,
4xvp,-47.81,1155,,,
5aaw,-47.74,1941,,,
4xwj,-47.67,236,,,
5e3e,-42.17,622,,,
2mws,-24.81,154,7.167542,7.475430,9.922879
4pj2,-58.95,488,,,
4yl8,-30.07,327,,,
4d2g,-29.99,814,,,
4weu,-29.93,710,,,
5bw7,-41.56,582,,,
4uem,-46.77,379,,,
4wem,-29.49,369,,,
4uf1,-29.43,157,,,
4tq0,-29.46,852,,,
4uwx,-29.46,495,,,
2n1d,-41.22,226,12.919116,7.209704,10.829233
5d1m,-41.14,256,,,
4xoi,-29.32,772,,,
4x4m,-45.98,1377,,,
4yn0,-40.36,370,,,
4ui0,-40.27,261,,,
4yiz,-46.21,1289,,,
5cxb,-45.87,817,,,
5e7f,-45.9,764,,,
4yj4,-45.69,164,,,
5c3f,-34.8,170,,,
5gpg,-50.71,202,,,
5j57,-61.07,388,,,
5hvf,-60.06,490,,,
5hgg,-58.6,747,,,
5eg3,-39.21,414,,,
5hpy,-39.3,738,,,
5jsb,-38.95,1602,,,
5dcq,-38.5,1069,,,
5lxm,-38.5,297,,,
5eoa,-39.95,229,,,
5j7c,-55.25,452,,,
5ibw,-54.81,192,,,
5cw7,-71.65,1203,,,
5ifs,-55.36,1242,,,
5eo9,-36.71,312,,,
5li1,-36.12,351,,,
5ays,-53.05,678,,,
5cx3,-35.77,553,,,
5sv3,-52.53,585,,,
5hvg,-52.51,1042,,,
5lxq,-35.35,602,,,
5ep6,-35.06,163,,,
5boz,-52.25,2289,,,
5ctr,-34.56,1031,,,
5jsn,-34.8,528,,,
4xkh,-34.4,564,,,
5k8q,-51.63,169,,,
5kho,-34.51,541,,,
5c4v,-34.01,856,,,
5szk,-34.01,313,,,
5chv,-33.26,910,,,
5jg6,-33.08,279,,,
5kov,-49.82,3263,,,
5b78,-32.68,140,,,
4zrp,-49.91,956,,,
5fvk,-32.79,204,,,
2n8j,-45.49,170,10.571039,7.089548,10.407296
5b77,-28.35,140,,,
5czf,-57.08,270,,,
5et1,-39.79,708,,,
5b75,-28.54,143,,,
5dju,-45.34,400,,,
5ft8,-39.56,4281,,,
5g1x,-28.07,292,,,
5inb,-39.44,326,,,
5ius,-56.48,657,,,
4z9v,-28.09,418,,,
4rt6,-44.97,977,,,
5ij9,-27.81,856,,,
5eb1,-39.12,543,,,
5fr2,-39.1,364,,,
5hk5,-39.02,925,,,
5e95,-44.54,260,,,
5j8h,-38.9,175,,,
5jlv,-44.66,1038,,,
5djt,-44.35,203,,,
5j28,-38.32,652,,,
5ejc,-38.27,655,,,
5lz3,-26.95,158,,,
4z9k,-49.41,374,,,
5tar,-32.18,332,,,
5d50,-31.88,1670,,,
5glh,-60.98,473,,,
5f5s,-43.71,230,,,
5szi,-37.65,314,,,
5k22,-43.39,305,,,
5ee5,-26.17,365,,,
5d28,-43.2,688,,,
5l8j,-32.53,358,,,
5f3x,-48.56,530,,,
5j56,-48.49,383,,,
5fr1,-31.29,349,,,
5eof,-30.94,232,,,
2n73,-37.07,149,,6.710190,
5hps,-37.05,447,,,
5m72,-42.7,171,,,
5dc4,-42.56,192,,,
5kve,-42.56,331,,,
5imt,-36.73,537,,,
5elu,-36.43,166,,,
5kwy,-36.34,709,,,
5ip4,-36.22,383,,,
5f4e,-41.77,442,,,
5fzt,-24.65,329,,,
4udm,-47.93,180,,,
4xxw,-30.2,866,,,
5dmj,-47.24,844,,,
5b76,-29.89,144,,,
5hlz,-47.38,1154,,,
5jem,-29.8,977,,,
5eql,-40.91,158,,,
5fv2,-63.61,637,,,
5jze,-29.26,469,,,
5ij0,-29.12,856,,,
5ixd,-40.82,441,,,
5b64,-40.84,296,,,
5j4a,-40.77,440,,,
5ioh,-34.87,650,,,
5imy,-34.87,1102,,,
5szj,-17.71,320,,,
5d3f,-29.08,461,,,
5jyl,-46.01,645,,,
5fw5,-40.51,294,,,
5jmc,-40.33,2039,,,
5lz6,-29.09,157,,,
2nbv,-28.72,188,7.082490,6.033634,8.262458
5lrw,-28.72,706,,,
5hpk,-45.74,450,,,
5jke,-40.19,870,,,
5jtl,-35.96,1091,,,
5jto,-28.3,780,,,
5jtm,-27.53,720,,,
5jtr,-31.97,780,,,
5jtp,-25.1,708,,,
5jtq,-30.81,704,,,
5jtn,-29.09,730,,,
5c67,-57.37,555,,,
5jhw,-56.07,784,,,
5gy2,-57.03,1221,,,
5v62,-45.11,363,,,
5t0f,-43.02,199,,,
5nwm,-42.23,164,,,
5jw9,-40.33,148,,,
5gjk,-39.5,162,,,
5m2j,-56.43,254,,,
5u4m,-53.7,384,,,
5nvl,-54.35,455,,,
5omb,-36.34,440,,,
6atk,-36.34,2898,,,
5kxh,-36.01,388,,,
5nvk,-53.64,955,,,
5vx3,-53.64,657,,,
5xeq,-53.64,817,,,
5lp5,-36.52,1690,,,
5m2i,-52.9,1612,,,
5wy2,-35.77,329,,,
5o2u,-52.29,377,,,
5wrv,-35.03,177,,,
5wb7,-34.93,2186,,,
5ky5,-34.83,392,,,
5wgg,-35.13,451,,,
5o05,-51.89,847,,,
5uk5,-34.77,493,,,
5tvq,-34.56,328,,,
5npo,-34.37,486,,,
5tgh,-34.37,652,,,
5mad,-51.13,1544,,,
5lgk,-33.79,1432,,,
5vwy,-33.6,177,,,
5mv8,-33.41,599,,,
5sxp,-33.1,282,,,
5m2m,-50.36,1661,,,
5xbf,-32.93,586,,,
5iia,-49.9,922,,,
5tp6,-49.78,177,,,
5omm,-45.56,711,,,
5nt7,-28.39,490,,,
5uzu,-45.66,645,,,
5vt9,-45.66,331,,,
5ky4,-28.54,390,,,
5lhn,-45.38,373,,,
5mjy,-28.24,1477,,,
5vkl,-39.65,221,,,
5nus,-45.43,285,,,
5un7,-39.5,363,,,
5h7y,-39.4,299,,,
5vwx,-44.67,340,,,
5nvm,-44.83,407,,,
5hyc,-27.5,277,,,
5v5h,-38.82,241,,,
5u4k,-27.53,120,,,
5f5o,-38.76,1028,,,
6ba6,-21.63,253,,,
5o2t,-38.68,306,,,
5nqf,-38.65,333,,,
5tzq,-44.5,306,,,
6amb,-27.11,249,,,
5tl7,-15.57,781,,,
5mfc,-44.2,1044,,,
5un5,-44.2,417,,,
5hu3,-34.25,281,,,
5mv9,-34.25,600,,,
5me5,-32.35,189,,,
5gwp,-49.53,920,,,
5x4l,-32.14,486,,,
5swk,-31.91,370,,,
5vx2,-49.1,347,,,
5mn2,-31.88,518,,,
5m36,-31.74,464,,,
5h07,-31.68,367,,,
5wb8,-31.69,1073,,,
5ml9,-38.03,275,,,
5v5v,-43.82,4266,,,
5vx0,-26.7,377,,,
5mtn,-43.54,182,,,
5toj,-43.6,1823,,,
5odw,-54.91,1904,,,
5u4y,-43.39,527,,,
5ua4,-43.29,167,,,
5w8t,-26.07,792,,,
5u52,-43.2,484,,,
5y4r,-43.06,782,,,
5mak,-60.15,1025,,,
5ma5,-60.15,1039,,,
5mk0,-31.44,753,,,
5w3x,-31.23,817,,,
5imm,-48.26,245,,,
5ohp,-31.14,465,,,
5l21,-48.13,544,,,
5v52,-31.0,459,,,
5x0w,-31.0,852,,,
5my6,-47.94,671,,,
5o2s,-48.0,1283,,,
5ma6,-54.33,385,,,
5gwo,-42.94,945,,,
5tzp,-42.94,160,,,
5mtj,-36.93,205,,,
5oc7,-42.7,404,,,
6azp,-42.55,633,,,
5v69,-42.49,394,,,
5wos,-36.83,159,,,
5ma3,-59.48,529,,,
5jds,-48.65,242,,,
5y1z,-30.63,874,,,
5xjg,-30.51,1038,,,
5wuj,-36.38,142,,,
5v5i,-36.15,471,,,
5gtb,-24.76,153,,,
5ohm,-58.95,980,,,
5vko,-47.93,230,,,
5tzn,-29.89,525,,,
5ky9,-29.85,384,,,
5ufe,-41.66,220,,,
5nqg,-41.67,415,,,
5ma4,-58.7,523,,,
5v6a,-41.52,391,,,
5nvn,-41.44,400,,,
5tl6,-24.2,782,,,
5oaq,-41.3,244,,,
5ufq,-46.77,446,,,
5ky0,-29.61,387,,,
5o03,-41.22,887,,,
5vcb,-41.14,2970,,,
5twa,-40.98,369,,,
5mtm,-46.55,200,,,
5xsq,-46.42,1013,,,
5lpu,-29.15,860,,,
5xv8,-40.79,153,,,
5vxz,-69.31,956,,,
5o0w,-57.83,1985,,,
6b12,-46.18,530,,,
5xco,-45.95,189,,,
5imk,-34.65,243,,,
5vz4,-46.21,298,,,
5jw7,-28.77,323,,,
5jjd,-28.75,331,,,
5omn,-45.79,425,,,
5v5g,-45.92,488,,,
5o74,-28.54,2126,,,
5ovw,-51.52,2226,,,
5uul,-47.48,175,,,
5otx,-40.12,256,,,
5w89,-45.11,158,,,
5yqz,-47.9,586,,,
6h6y,-55.87,1587,,,
5g15,-38.64,353,,,
5yir,-54.61,409,,,
6mkz,-55.36,528,,,
6hul,-37.23,657,,,
5wpa,-35.73,479,,,
6a7v,-52.64,795,,,
6g04,-35.13,182,,,
6ejg,-51.89,640,,,
6ejm,-51.74,635,,,
6h9n,-34.8,227,,,
6fg8,-34.3,377,,,
5z78,-34.51,517,,,
5o90,-34.01,349,,,
6co2,-33.79,596,,,
5nqw,-50.54,668,,,
6dcn,-33.41,330,,,
6f9s,-33.05,210,,,
5xda,-33.08,3732,,,
6fv0,-32.9,384,,,
5nzz,-32.93,2863,,,
5yi8,-32.79,162,,,
6b05,-32.66,944,,,
6arq,-28.49,409,,,
5w9a,-22.76,611,,,
5oen,-45.66,336,,,
5xqz,-28.03,504,,,
6ff3,-44.9,247,,,
6e3j,-44.83,173,,,
6bxc,-45.01,1213,,,
5xwt,-27.63,1447,,,
6asr,-27.55,189,,,
5uv8,-39.11,737,,,
6bx5,-44.83,442,,,
5nt1,-27.36,878,,,
6fq0,-38.79,668,,,
6aaf,-38.77,134,,,
5uwc,-44.23,365,,,
5nl1,-38.58,991,,,
6e2p,-26.99,938,,,
5yc5,-38.5,595,,,
5xln,-31.99,191,,,
6isc,-32.08,337,,,
5vu0,-49.1,596,,,
6i3f,-43.91,758,,,
6fc3,-43.94,219,,,
6b8n,-38.11,878,,,
6bx4,-38.11,438,,,
5mr4,-38.0,766,,,
6gbu,-37.7,473,,,
6imf,-43.49,295,,,
5xiu,-26.27,120,,,
5ydr,-26.13,398,,,
5xod,-43.1,215,,,
5xnp,-37.39,1304,,,
6fub,-43.02,174,,,
6fuz,-31.37,379,,,
6e3i,-48.48,173,,,
5oy9,-30.97,446,,,
5yip,-48.13,146,,,
6gd5,-48.06,138,,,
6bmt,-37.15,643,,,
6fc2,-31.21,475,,,
5kof,-25.26,963,,,
5ywr,-42.29,237,,,
6fp7,-48.65,388,,,
5yis,-47.81,274,,,
6bw9,-47.7,440,,,
6h6z,-47.6,824,,,
6fu9,-47.53,329,,,
6f3z,-36.49,831,,,
6bxa,-42.23,1268,,,
6gbg,-36.41,431,,,
6h71,-42.02,812,,,
6fgo,-36.28,1094,,,
5vzm,-24.61,187,,,
6fhp,-41.77,805,,,
6g10,-46.97,230,,,
6dsl,-53.09,151,,,
6aw2,-41.35,460,,,
5n48,-47.38,534,,,
6mgp,-35.2,885,,,
6gbh,-40.87,852,,,
5oyl,-29.25,455,,,
5yr0,-29.22,92,,,
6fud,-40.73,158,,,
6eg1,-23.49,1029,,,
6eg0,-23.46,510,,,
5n47,-46.55,1268,,,
6cbp,-29.42,265,,,
5mr5,-40.51,592,,,
6a3v,-40.34,3342,,,
5vmo,-34.54,139,,,
5xoc,-29.09,327,,,
6d13,-45.84,433,,,
6fe4,-45.76,940,,,
6ch3,-28.54,486,,,
6ch2,-25.9,1426,,,
5mrv,-30.94,667,,,
6gfi,-53.12,560,,,
5zvm,-39.83,309,,,
6oao,-51.88,3080,,,
6d68,-39.4,463,,,
6oan,-49.16,959,,,
6d4p,-42.74,223,,,
6dgf,-47.51,406,,,
6sak,-42.86,729,,,
6f0g,-41.44,356,,,
6cwg,-57.03,775,,,
6jb8,-56.45,254,,,
6j4s,-38.79,282,,,
6q69,-38.64,341,,,
6f0f,-38.5,183,,,
6ird,-38.11,434,,,
6dld,-54.91,1056,,,
6p7s,-54.91,1107,,,
6n85,-37.78,796,,,
5zqv,-37.59,1258,,,
6jcs,-37.34,613,,,
6ndz,-55.36,931,,,
6u2h,-54.12,1009,,,
6j7w,-54.35,311,,,
6p7y,-52.81,1133,,,
6kbm,-35.51,527,,,
5z2w,-35.24,244,,,
6j56,-35.24,276,,,
6r2g,-69.18,184,,,
6gho,-34.8,400,,,
6iu7,-51.63,444,,,
6mud,-34.2,275,,,
6c83,-34.25,634,,,
5zo2,-34.01,589,,,
6og4,-50.74,197,,,
5z7l,-33.79,305,,,
6gum,-33.79,266,,,
6in9,-33.79,628,,,
6ne2,-50.72,312,,,
6kbn,-33.31,1044,,,
6ne1,-50.54,278,,,
6ne4,-50.2,313,,,
6uys,-33.08,166,,,
6moe,-49.79,755,,,
6o3o,-32.79,993,,,
6m7l,-28.44,792,,,
6ire,-45.52,416,,,
6fpg,-39.91,1675,,,
6h47,-45.66,304,,,
6i07,-45.66,904,,,
6on9,-28.54,226,,,
6ivu,-62.55,171,,,
6o8b,-28.3,1336,,,
6h15,-45.05,1462,,,
6iwa,-39.38,454,,,
6m9k,-28.09,873,,,
6mba,-44.35,275,,,
6iwd,-44.18,338,,,
6j4o,-44.2,268,,,
6jhw,-44.2,508,,,
6mun,-34.25,267,,,
5z7g,-32.47,305,,,
6iua,-49.65,444,,,
6gvk,-32.53,226,,,
6uyu,-32.53,170,,,
6qb3,-32.1,370,,,
6cxl,-49.2,864,,,
6fto,-49.0,207,,,
6umt,-49.0,208,,,
6jdj,-38.24,289,,,
6j9l,-32.39,251,,,
6k06,-37.92,448,,,
6nrw,-26.47,424,,,
6a6x,-43.31,351,,,
6gjq,-43.39,1231,,,
6im9,-43.39,577,,,
6oqq,-43.11,1755,,,
6jb2,-37.27,255,,,
6pnp,-37.24,325,,,
6osw,-32.53,79,,,
6idx,-31.24,526,,,
6ov2,-48.21,309,,,
6n6r,-30.94,433,,,
6f2g,-48.0,561,,,
6obn,-42.91,1157,,,
6mc9,-37.19,291,,,
6h46,-42.94,324,,,
6h16,-42.79,726,,,
6iw8,-36.98,447,,,
6fbx,-36.9,170,,,
6gtq,-36.73,393,,,
6f0h,-48.65,356,,,
6her,-42.23,227,,,
6s8s,-36.46,415,,,
6j9h,-42.1,525,,,
6oqk,-42.1,139,,,
6gvl,-24.87,222,,,
6pnq,-41.72,327,,,
6thg,-47.93,2763,,,
6km7,-30.16,691,,,
6i2m,-47.23,539,,,
6er6,-41.62,213,,,
6ihb,-41.35,611,,,
6k4k,-46.73,1686,,,
6akm,-29.46,93,,,
5zau,-41.22,121,,,
6s29,-46.29,894,,,
6mm6,-23.59,1037,,,
6ere,-40.73,425,,,
6jjw,-46.15,109,,,
6kbr,-63.07,278,,,
6j9m,-40.48,510,,,
6jwj,-40.34,485,,,
6plm,-40.23,1779,,,
6czo,-40.24,628,,,
6ib8,-40.11,594,,,
6oqj,-45.92,139,,,
6saz,-56.24,864,,,
6ht9,-57.08,1015,,,
6dwh,-55.36,2316,,,
6bx8,-38.24,1113,,,
6dwf,-50.72,2316,,,
6n9d,-61.36,336,,,
6mav,-59.79,335,,,
6har,-58.3,278,,,
