pdb_id	delta_G	Avg_Bfactor_Total	Avg_Bfactor_Interface
1fc2	-43.65	28.67	30.9
3sgb	-61.34	14.02	10.53
2tgp	-32.08	17.1	15.16
2ptc	-75.47	24.28	20.35
2sni	-66.77	12.83	10.02
1atn	-53.35	27.34	14.28
1gla	-38.5	27.93	26.13
1acb	-55.36	30.07	28.18
2pcc	-33.08	32.97	41.17
2pcb	-28.54	33.6	39.56
2sic	-57.92	20.43	18.44
2cpk	-49.3	19.17	14.47
2iff	-45.66	22.67	15.82
1brs	-79.26	26.32	21.35
2btf	-32.18	20.25	17.4
1vfb	-48.62	24.61	15.41
1hrt	-65.77	12.61	14.75
1ppe	-65.77	14.26	9.75
2mta	-30.52	19.28	13.39
1nca	-46.12	18.64	17.51
1smf	-39.5	7.29	5.46
1ihs	-54.35	25.37	27.4
1nsn	-57.08	18.9	15.75
1bql	-39.95	22.81	16.45
1nma	-44.83	22.5	22.5
1mlc	-40.19	29.32	21.31
1rlb	-34.8	29.31	24.67
1mah	-60.51	35.44	28.9
1mtn	-45.79	43.92	41.66
1tbr	-72.48	38.01	34.61
1tbq	-72.48	12.7	12.0
1dit	-68.49	24.72	26.11
1efn	-36.64	33.27	32.24
1akj	-22.26	26.24	18.57
1ak4	-27.22	21.72	20.72
1gua	-42.23	18.68	13.42
1ycs	-42.94	53.4	56.53
1bth	-45.66	35.25	30.96
1hia	-45.01	45.66	34.6
1cbw	-44.5	35.12	33.42
1toc	-68.49	34.32	33.7
1dhk	-59.68	17.94	16.06
1dfj	-75.51	49.29	50.33
1fle	-46.93	23.39	22.84
1ca0	-46.51	39.11	37.69
1b27	-79.91	27.76	23.42
1wej	-41.22	20.55	16.55
1a22	-54.04	30.75	28.43
1a3b	-54.35	25.65	24.56
1b2u	-39.95	28.05	22.77
1xdt	-45.66	37.79	30.95
1b3s	-56.69	33.9	30.14
1jrh	-44.79	62.65	50.33
1axi	-44.83	27.73	30.17
1avz	-27.4	37.17	36.63
1a2k	-38.95	39.16	34.26
1b2s	-55.96	21.63	18.12
1wq1	-27.22	38.56	27.75
2vir	-51.37	28.29	22.88
2jel	-48.82	36.9	25.26
1avg	-65.77	27.56	20.42
2vis	-30.81	28.84	24.29
1avx	-75.47	26.56	16.67
1buh	-40.6	24.28	20.02
1kig	-55.62	15.06	15.0
1an1	-51.63	26.46	21.59
1ldt	-49.91	20.07	16.65
1fmo	-49.3	42.29	32.17
1ahw	-48.34	38.22	26.35
1azz	-53.04	20.69	17.61
1bvn	-63.05	26.44	26.88
1ugh	-64.05	41.04	41.52
1vpp	-30.75	24.45	23.47
1b6c	-37.4	37.32	34.63
1ibr	-54.35	41.84	32.11
1flt	-50.61	30.61	32.06
1uug	-33.6	26.76	21.54
1lfd	-32.66	24.0	18.63
1kac	-44.69	44.89	42.59
1sbb	-22.0	41.99	38.43
1bvk	-44.83	31.1	24.63
1eer	-51.37	34.16	23.51
1tba	-51.37	0.0	0.0
1ay7	-34.25	22.72	18.59
1cn4	-34.25	41.02	18.86
1qa9	-34.25	77.02	76.34
1bj1	-48.34	41.93	27.82
1grn	-36.59	30.46	29.47
1qfu	-48.65	44.56	32.66
1vrk	-46.62	29.73	26.84
1qse	-29.35	66.09	52.15
4thn	-57.34	47.42	47.76
1qur	-71.56	28.56	28.9
1fak	-53.64	27.53	21.2
1cmx	-32.93	54.71	50.45
1es0	-42.23	36.33	30.59
1fg9	-57.08	60.66	51.17
1cz8	-56.84	50.46	42.89
1g9i	-39.5	20.88	28.75
1d6r	-56.43	21.65	15.71
1fsk	-54.91	63.32	48.49
1ffx	-38.24	67.13	62.14
1dee	-36.52	47.71	40.15
1e4k	-32.93	95.36	77.44
1qfw	-45.66	25.25	22.05
1qty	-62.78	63.56	61.7
1du3	-44.51	25.51	28.15
1e96	-31.78	29.95	21.98
1dqj	-48.82	24.71	21.4
1ees	-43.94	10.0	10.0
1emv	-77.74	26.43	23.36
1de4	-43.49	66.26	66.53
1e6j	-43.02	57.15	46.57
1djs	-42.16	29.34	25.77
1dzb	-35.87	31.98	23.16
1f3v	-29.15	34.95	28.67
1g6v	-40.77	10.64	14.98
1eo8	-45.95	38.79	30.0
1efx	-28.67	63.57	52.98
1clv	-51.37	18.22	17.59
1ezu	-57.63	44.29	37.97
1ezs	-55.62	38.38	30.61
1dp5	-51.63	26.34	26.03
1c9t	-51.37	19.7	13.62
1c9p	-51.37	22.12	23.08
1icf	-67.18	29.17	24.59
1dpj	-48.65	23.66	24.33
1fy8	-28.8	15.41	11.37
1hqr	-39.95	41.82	34.64
1i4e	-39.5	62.26	62.04
1hez	-39.03	45.77	42.8
1f34	-57.08	41.82	33.26
1i8l	-38.24	71.81	51.62
1hxy	-53.09	43.1	34.25
1g5j	-52.64	1.36	1.22
1e6e	-34.62	29.4	34.1
1ffw	-33.79	47.58	49.07
1iqd	-61.95	23.47	20.8
1gcq	-27.25	17.37	16.3
1e3u	-34.25	17.92	18.63
1i2m	-66.22	35.47	31.58
1he8	-31.97	70.41	63.5
1hcf	-54.71	46.03	43.56
1fe8	-32.53	37.97	33.16
1ewy	-31.09	50.1	71.16
1ib1	-19.73	16.29	14.73
1j7v	-59.68	50.36	41.04
1i4d	-31.52	56.78	43.97
1i5k	-42.1	40.77	36.94
1jiw	-65.06	18.41	12.72
1fqj	-40.95	34.05	28.13
1j7d	-32.53	32.42	31.6
1jtg	-56.84	23.77	21.43
1gl1	-56.43	31.54	31.19
1gl0	-51.92	24.51	40.83
1i3o	-51.44	55.23	50.19
1eja	-51.37	31.17	39.15
1id5	-50.36	46.89	43.25
1f7z	-28.01	17.6	13.36
3tgk	-28.09	15.48	11.69
1jtd	-60.3	18.85	16.37
1f5r	-23.9	19.21	15.49
1gpw	-44.07	58.38	52.2
1jmo	-39.61	53.69	49.86
1jps	-57.08	28.45	19.76
1lm8	-38.0	35.85	32.81
1lzw	-36.99	46.84	39.54
1l2w	-54.35	48.16	50.33
1i51	-35.39	62.38	62.13
1go4	-34.15	63.93	54.45
1jwh	-45.09	91.62	93.07
1l4z	-38.28	51.75	46.44
1l4d	-38.28	28.65	26.35
1kxp	-51.37	37.25	27.1
1mxe	-68.49	16.46	14.78
1k5d	-34.25	59.11	63.89
1k93	-43.94	91.81	92.76
1ktk	-26.82	76.03	77.09
1i8k	-43.71	13.1	9.89
1kxt	-37.84	15.75	17.92
1ijk	-43.6	38.98	35.75
1kgy	-43.39	43.28	42.37
1kxv	-43.39	16.87	15.61
1lj2	-26.08	28.7	33.43
1ktz	-37.31	44.74	36.37
1lw6	-66.77	10.33	9.8
1kxq	-48.26	16.43	15.55
1lqb	-42.86	36.06	33.95
1kbh	-42.63	10.0	10.0
1h59	-42.42	36.98	29.78
1gng	-42.29	53.58	51.0
1kkl	-41.93	51.98	53.15
1eaw	-58.81	14.47	11.25
1lqs	-47.93	52.14	42.57
1gxd	-47.28	37.74	51.79
1m10	-47.01	52.23	42.18
1jsp	-24.55	0.0	0.0
1l0x	-29.8	40.2	29.15
1l8c	-46.55	0.0	0.0
1m1e	-51.37	35.4	39.17
1l0y	-29.8	38.96	28.09
1k2d	-24.55	49.87	48.15
1ob1	-55.36	11.51	11.28
1jgn	-36.85	0.0	0.0
1ogy	-53.09	43.14	38.01
1op9	-52.25	16.27	12.71
1p27	-52.25	22.52	20.68
1p9m	-51.92	117.08	115.27
1lx5	-50.92	68.76	62.92
1p3q	-33.79	28.26	34.43
1n64	-50.72	36.28	30.05
1j2j	-33.41	15.37	12.68
1jh4	-33.24	0.0	0.0
1mzw	-32.57	12.94	10.94
1oqe	-39.74	40.45	54.4
1nys	-45.66	76.94	65.4
1nyu	-45.66	95.7	78.97
1mi5	-28.54	39.61	33.86
1p9d	-27.91	0.0	0.0
1uad	-39.17	45.5	36.61
1otr	-21.74	0.0	0.0
1pjm	-38.5	46.53	45.36
1mhh	-51.37	40.02	33.8
1o9a	-34.25	0.0	0.0
1m5n	-49.53	61.37	60.95
1psb	-26.82	0.0	0.0
1pjn	-43.71	51.37	53.9
1h1v	-43.6	28.81	15.94
1q0w	-20.31	0.0	0.0
1r0r	-60.11	15.67	15.28
1uex	-49.65	36.18	36.18
1lp1	-32.53	60.87	57.97
1p4l	-31.52	75.99	67.71
1ozs	-25.73	0.0	0.0
1mq8	-31.52	67.02	47.99
1q68	-36.52	0.0	0.0
1p22	-36.07	18.84	19.73
1oey	-47.93	18.05	13.45
1o95	-30.26	58.36	59.87
1h0t	-29.8	0.0	0.0
1pvh	-40.51	53.74	39.5
1p1z	-23.38	52.18	51.52
1q69	-34.51	0.0	0.0
1nez	-28.54	43.15	36.75
1oc0	-51.37	26.5	25.4
1nvu	-31.07	35.09	37.75
1nf3	-41.67	28.38	23.87
1oph	-47.38	41.48	32.32
1o94	-30.26	32.58	39.46
1nw9	-45.01	49.22	49.08
1pxv	-54.27	32.46	26.12
1p0s	-62.55	41.94	40.22
1nb5	-58.0	40.09	40.36
1mcv	-40.0	12.75	10.41
1oyv	-45.92	32.1	33.95
1rpq	-44.5	69.33	52.4
1xxf	-39.95	47.89	47.14
1rv6	-39.16	11.65	9.22
1xx9	-50.36	39.21	36.01
1xu1	-48.69	19.24	16.81
1xxd	-37.23	40.9	41.43
1v7p	-48.65	22.54	19.5
1ry7	-37.89	40.42	22.87
1u0s	-37.89	26.9	27.25
1xqh	-38.24	6.77	9.05
1pd7	-37.23	0.0	0.0
1xd3	-37.23	16.56	15.42
1t6b	-53.64	22.35	20.52
1nl0	-50.2	39.59	38.01
1tzh	-49.91	26.31	23.53
1us7	-32.79	36.57	22.33
1tzi	-45.66	48.99	43.03
1xr0	-28.54	0.0	0.0
1sv0	-45.4	39.71	32.59
1vet	-45.05	39.29	33.44
1veu	-45.05	31.1	26.59
1q5w	-22.26	0.0	0.0
1tdq	-45.21	34.09	24.46
1r8u	-45.01	0.0	0.0
1syq	-44.71	55.18	46.92
1w72	-44.83	23.76	22.58
1sb0	-27.53	10.0	10.0
1tzn	-55.76	65.12	88.5
1sg1	-38.42	50.28	43.01
1t44	-34.25	16.54	17.21
1th1	-49.53	49.54	53.26
1sy6	-31.76	24.37	18.67
1xt9	-38.24	35.22	28.83
1vyt	-43.94	51.79	47.37
1w1w	-20.46	66.37	61.94
1u7v	-37.26	67.79	73.74
1usu	-31.29	48.65	47.85
1usv	-31.29	54.66	58.57
1uel	-31.21	0.0	0.0
1tlh	-20.11	0.0	0.0
1sq0	-42.94	40.53	37.59
1p6a	-42.56	44.73	39.81
1rkc	-42.29	113.85	124.67
1t01	-42.29	47.73	42.84
1p4b	-59.35	34.85	29.97
1oyh	-42.1	55.16	50.9
1rvj	-30.81	56.52	53.24
1rke	-41.67	56.48	51.38
1u7f	-41.3	64.39	71.02
1vg0	-47.38	31.93	28.38
1ty4	-46.77	43.82	37.79
1s4y	-46.59	32.75	30.31
1u0i	-40.84	36.97	36.55
1p69	-40.63	17.69	15.43
1shy	-40.22	55.95	52.83
1p2c	-57.13	20.46	16.83
1s1q	-18.84	30.66	28.33
1nm5	-41.22	43.36	37.31
1tm7	-65.53	17.35	18.11
1tm1	-65.77	16.03	17.76
1tm5	-61.47	15.03	16.57
1tm3	-61.19	15.25	17.08
1tm4	-56.43	18.85	20.88
1to1	-53.29	16.59	17.88
1tt5	-26.58	68.27	58.05
1uuz	-43.39	26.47	23.58
1te1	-48.34	27.73	22.42
1ta3	-45.92	10.73	9.55
1zjd	-52.48	61.84	53.48
1yc0	-49.65	28.04	18.11
2ass	-46.93	61.45	66.1
1vyh	-40.51	17.43	17.51
1z7x	-88.68	27.19	32.16
1zhi	-38.24	59.99	40.64
1r6q	-36.99	27.47	33.69
1wlp	-35.35	1.7	0.8
1zm4	-34.3	52.23	33.1
1y8n	-33.86	62.34	56.72
2c1m	-51.13	43.18	47.53
1ze3	-33.79	17.18	16.92
1uwx	-33.08	19.25	20.19
1ydi	-49.94	14.55	15.32
2b4j	-45.45	36.81	33.31
2b0z	-22.83	28.77	25.49
1v18	-45.66	47.18	46.92
1z92	-45.66	80.93	80.65
2ajf	-45.66	90.96	83.61
2b5i	-62.78	57.58	55.41
2b10	-28.54	19.13	23.7
1wa8	-45.43	0.0	0.0
1x1y	-27.95	29.25	24.93
2a7u	-39.5	0.98	0.66
2aep	-45.21	36.5	34.02
2aeq	-45.21	32.64	32.64
1x1u	-44.97	36.32	29.31
2bnr	-27.83	32.43	27.64
1wdw	-44.77	72.13	80.56
1wr1	-27.57	0.0	0.0
1t63	-27.53	37.92	48.07
1x75	-44.27	39.15	30.76
1y6m	-38.6	75.73	72.81
1yd8	-21.36	46.51	43.59
1y6k	-51.37	54.17	46.42
1yru	-51.37	34.75	30.72
2bp7	-51.37	35.93	30.23
2c1t	-49.65	52.96	51.96
1yy9	-49.3	33.79	35.72
2byk	-32.18	66.1	59.63
2bym	-32.18	38.31	33.35
2be6	-48.97	31.55	31.85
1ri8	-48.73	15.94	12.68
2b12	-26.82	5.58	3.04
2bqz	-26.82	12.29	12.25
1wr6	-20.76	52.23	50.86
2aw2	-43.39	64.29	60.43
1t0p	-26.27	21.91	19.56
1x1w	-43.26	37.24	30.63
1y6n	-43.2	43.08	37.03
1vrc	-25.95	0.2	0.69
1z5s	-31.49	90.29	87.6
1t5z	-25.58	39.2	54.2
1za3	-42.63	22.99	19.87
1yx5	-19.73	0.0	0.0
1xwd	-19.47	55.85	51.32
1xj7	-25.16	56.74	76.19
1u5s	-14.4	0.82	0.58
1shz	-31.52	57.69	52.57
1wrd	-19.34	24.22	21.99
1zc3	-42.1	35.56	30.79
1zc4	-42.1	43.46	34.5
1yyl	-47.93	27.12	21.66
1x1x	-41.53	34.73	27.6
1pk1	-41.48	25.51	21.13
1xg2	-47.38	17.07	15.36
1y76	-30.26	0.0	0.0
2b11	-30.26	41.68	42.71
2b2w	-30.26	43.39	36.01
2bnq	-30.26	31.48	27.07
1xqs	-29.61	68.89	56.46
1ul1	-41.22	59.1	50.7
2a78	-41.22	16.62	12.52
2a9k	-41.22	20.57	16.87
2c5d	-46.93	62.86	46.83
1zsg	-29.25	0.0	0.0
1zmy	-46.34	33.28	32.76
1z0k	-29.19	31.72	31.27
1yx6	-23.61	0.0	0.0
1rjc	-57.72	15.53	14.09
1wve	-46.55	21.36	18.46
2ast	-29.42	58.32	62.31
1wqj	-34.61	28.19	26.44
1yym	-28.67	31.76	25.94
1wa7	-28.64	0.0	0.0
2ak4	-28.56	10.55	8.45
1y3c	-60.51	15.85	16.38
1y3b	-54.27	15.93	17.15
1y1k	-54.35	16.55	18.04
1y34	-52.99	14.63	15.82
1y3d	-52.81	17.92	18.74
1y4a	-50.92	16.1	16.03
1y4d	-50.92	26.55	25.15
1zli	-50.72	22.59	21.04
1y33	-50.05	15.76	17.54
1y48	-50.05	17.2	18.6
1wpx	-49.91	38.18	35.81
1zr0	-45.01	36.74	31.42
2bo9	-48.65	16.03	14.55
2hev	-42.86	42.47	38.85
2gng	-31.52	37.16	32.6
2cmr	-58.8	31.53	26.96
2gww	-56.84	80.57	77.04
2nyy	-56.52	13.52	9.68
2a6i	-39.5	21.71	27.63
2nz9	-56.31	84.88	81.65
2a6d	-38.95	24.24	23.16
1zvy	-57.08	17.81	13.07
2cjs	-39.95	29.75	23.63
2a6k	-38.11	34.16	34.04
2d1k	-37.89	59.04	61.99
2f6a	-38.24	63.65	51.61
2dx5	-19.87	19.92	14.36
2gl7	-36.18	24.76	26.67
2b7c	-36.52	25.6	26.58
2hfg	-52.64	49.82	44.62
2f5z	-51.99	41.38	47.59
2fu5	-52.25	44.34	30.86
2ixq	-35.13	0.0	0.0
1yk0	-51.47	54.2	62.66
2f9z	-34.51	47.02	44.79
2b42	-51.2	39.3	31.94
2j1k	-51.13	34.02	33.45
2g2u	-33.69	22.54	24.05
2i32	-33.6	53.06	46.37
2fjg	-50.36	38.01	35.64
2d10	-50.05	38.42	56.44
2b2x	-49.78	46.38	35.56
2iy0	-45.49	39.25	36.85
2b87	-39.95	0.0	0.0
2f31	-39.9	34.64	34.89
2hth	-22.71	59.68	57.68
2c0l	-39.74	36.02	29.87
1zv5	-45.66	35.58	27.44
2erj	-62.78	92.04	91.02
2aq2	-45.43	28.66	23.83
2fjh	-45.21	55.03	51.33
2fdb	-38.87	22.01	15.38
2ftm	-61.62	16.99	11.95
2den	-27.22	6.11	5.9
1yrt	-51.37	27.32	24.63
2i5y	-48.91	40.38	32.36
2g45	-31.68	40.93	32.77
2fyl	-31.69	2.82	3.39
2hd5	-31.69	22.61	17.97
2dd8	-43.94	49.6	40.79
2j12	-43.94	13.95	13.27
2hwn	-49.65	38.39	36.94
2few	-13.88	0.16	0.51
2fuh	-20.11	0.0	0.0
2a24	-25.82	0.42	0.68
2dsr	-37.09	19.72	16.65
2dsp	-31.52	42.18	40.89
2bdn	-64.71	47.25	40.42
2aze	-30.31	82.09	82.88
2hle	-42.23	56.81	52.54
2djy	-25.1	0.0	0.0
2h4m	-42.1	73.72	66.93
2arp	-36.34	40.49	33.84
1yk1	-41.89	72.62	94.4
2fju	-30.11	32.48	34.58
2aq1	-47.14	45.18	33.08
2dsq	-35.76	61.41	57.53
2g2w	-35.59	22.47	22.27
2es4	-47.38	34.41	30.24
2i60	-46.83	37.19	29.13
2c7m	-29.64	66.79	64.46
2c7n	-29.64	44.84	43.45
2hsq	-46.69	157.51	157.85
2ftl	-75.47	15.19	9.65
2f4m	-41.02	47.91	45.75
2aq3	-29.22	45.42	33.24
1zvh	-40.84	17.5	11.26
2iy1	-34.84	59.4	57.5
2bwe	-23.38	82.88	80.79
2a9h	-34.51	85.45	51.29
2gh0	-40.22	37.36	36.48
1zgu	-22.88	20.51	18.33
2hrk	-45.92	34.51	29.96
2g9h	-39.95	33.89	31.57
2j7p	-45.66	29.3	25.58
2j0t	-53.64	44.88	43.74
2abz	-48.82	32.48	28.65
2o3b	-65.61	46.62	42.49
1yvb	-46.73	52.13	41.82
2j8x	-46.21	24.1	25.38
2p5e	-58.9	14.95	11.7
2omy	-38.24	10.87	10.66
2uzi	-53.97	23.39	18.54
2qxv	-36.64	16.9	18.93
2oin	-35.92	42.93	35.87
2odg	-35.55	0.22	0.75
2j4w	-52.64	42.25	38.01
2omu	-52.64	13.13	13.19
2r0k	-52.64	16.45	12.96
2j6e	-35.51	77.63	68.05
2oje	-35.51	37.62	30.98
2o98	-51.77	50.7	49.46
2gox	-51.92	43.34	49.2
2i9b	-51.47	68.48	67.56
2ifg	-51.63	93.74	44.85
2nyz	-51.63	59.9	62.95
2pkg	-34.1	72.91	61.18
2i25	-51.37	38.49	36.13
2qej	-51.13	32.72	25.21
2omv	-50.92	18.02	18.15
2pon	-33.41	0.0	0.0
2ot3	-32.79	29.82	21.11
2pms	-45.59	31.72	29.48
2ju0	-39.95	0.0	0.0
2omt	-39.95	17.65	15.85
2q7n	-62.78	102.52	99.32
2qc1	-62.78	30.94	18.76
2nup	-28.54	39.29	42.31
2nut	-28.54	47.6	51.18
2omw	-28.54	16.0	18.25
2qiy	-39.52	28.69	29.93
2omx	-39.5	12.29	14.91
2noj	-45.01	48.65	34.08
2rf9	-27.89	68.32	64.56
2r0l	-44.72	23.22	21.72
2q0o	-44.67	39.45	40.84
2h64	-39.12	52.0	45.48
2r9p	-27.7	22.62	17.65
2jcc	-27.47	50.48	49.55
2oor	-44.58	57.78	42.75
2phe	-27.53	10.0	10.0
2rmk	-38.64	0.0	0.0
2ij0	-55.62	45.89	43.12
2p4a	-55.62	30.65	26.72
2jgz	-17.12	36.86	29.33
2p5t	-51.37	91.27	90.17
2v2w	-32.29	20.97	18.46
2p1l	-32.18	60.4	64.37
2oza	-49.1	72.82	72.95
2h62	-31.78	37.74	32.61
2i3t	-31.78	58.18	60.88
2ot8	-43.94	93.53	84.95
2ra3	-61.07	22.66	18.97
2v8s	-26.58	33.63	25.68
2p49	-43.6	14.77	12.71
2j8s	-43.11	42.79	36.55
2v6x	-25.99	19.82	22.06
2yvj	-20.16	40.53	41.91
2hqw	-49.65	35.18	37.82
2iou	-31.16	69.53	74.24
2i3s	-31.07	39.41	33.1
2iyb	-31.07	28.11	28.17
2jix	-42.94	87.55	85.25
2psm	-60.06	35.12	29.87
2j8u	-25.67	47.21	45.98
2iwg	-42.42	70.88	63.89
2z3q	-59.48	14.63	10.94
2z3r	-59.48	11.14	8.1
2vda	-31.52	10.0	10.0
2pop	-30.69	85.17	78.5
2z8w	-47.53	58.31	57.7
2uwe	-30.41	37.66	36.66
2z8v	-47.48	61.23	58.4
2omz	-36.52	11.93	14.67
2ihs	-42.23	46.02	46.43
2jt4	-25.1	0.0	0.0
2ptt	-30.81	20.25	18.49
2j59	-41.44	22.83	22.97
2oob	-24.22	20.23	17.16
2r56	-30.26	27.19	18.0
2v3b	-30.26	29.5	30.83
2qho	-24.1	15.62	14.18
2onl	-46.93	99.77	99.9
2ibf	-46.28	74.28	79.93
2qr0	-46.28	68.52	56.22
2j5l	-40.6	60.81	59.45
2v9t	-46.15	21.29	19.68
2pye	-40.46	19.69	13.98
2uyz	-40.45	12.31	13.26
2px9	-23.16	1.94	2.14
2i26	-45.81	29.94	27.31
3biw	-40.03	132.7	121.04
2v1d	-41.67	85.1	90.57
2o8v	-34.01	55.91	59.34
2uxn	-39.5	75.56	85.26
2g81	-44.9	17.99	14.66
2nz1	-44.2	37.64	33.38
2ijo	-43.49	44.49	40.26
2pw8	-77.64	33.26	32.98
2jod	-36.85	1.33	1.64
2nqd	-59.41	18.42	15.37
2p3f	-59.17	32.85	24.73
2uuy	-47.1	10.17	7.96
3c5t	-54.35	38.13	35.45
2z7f	-46.73	19.81	14.82
2w2n	-40.84	26.99	23.61
3brt	-44.2	42.88	41.54
3brv	-43.54	16.0	14.52
2qur	-37.68	41.35	37.94
3c59	-49.1	54.26	51.61
3ehu	-31.29	29.9	31.2
3bow	-42.78	11.61	13.38
2za4	-56.24	21.02	18.89
2vdb	-56.07	44.66	43.06
3dxc	-38.0	40.74	37.1
2vfx	-37.68	24.73	0.0
2k05	-38.24	37.44	37.85
3dvu	-38.24	66.1	60.45
2roz	-37.07	0.0	0.0
3dxe	-36.99	41.77	37.89
3dxd	-36.92	50.72	46.15
2vlp	-70.01	19.57	17.07
2jti	-35.56	15.86	13.93
2jzn	-18.84	0.75	1.51
1vsq	-18.84	0.75	1.51
2pjy	-35.96	51.77	52.43
3ddc	-34.89	25.77	23.92
2vof	-52.25	31.18	30.99
2vlo	-68.78	21.81	18.6
2z34	-34.54	32.19	27.49
3c4m	-34.3	39.13	39.26
3f5c	-34.51	117.03	99.64
3dbr	-34.2	80.73	71.63
3b2u	-51.37	27.65	26.16
2v51	-34.25	35.53	36.48
2qja	-51.13	77.75	77.33
2voi	-51.13	55.94	53.5
2v4z	-33.69	53.82	53.23
2jjt	-33.79	32.74	27.97
2jjs	-33.79	20.53	20.46
2jki	-33.02	53.37	50.6
3dbh	-32.99	88.16	78.78
2vln	-67.21	14.64	14.21
2v52	-32.66	23.02	23.76
3c8k	-22.78	75.36	74.18
2vwe	-56.76	44.08	39.52
2p45	-39.59	15.23	11.52
2p46	-39.59	31.76	27.83
2p48	-39.59	47.62	40.23
2p47	-39.59	89.59	88.05
3e3q	-39.59	47.95	44.08
3ch5	-22.38	36.45	37.86
3eg5	-33.69	53.16	50.05
3eab	-28.09	53.67	44.9
2ver	-27.87	1.75	1.93
2rms	-39.23	0.0	0.0
2q5d	-44.56	83.52	62.87
2p8q	-44.56	48.09	49.37
2rnr	-38.95	0.0	0.0
2z58	-44.5	23.8	23.08
2k6d	-21.5	37.84	41.6
2otk	-44.35	0.0	0.0
2w2m	-38.29	26.09	21.42
3d5r	-44.07	41.12	39.61
2voh	-51.37	25.18	24.31
3dgc	-51.37	39.93	35.02
3d5o	-34.25	51.45	61.44
3eba	-49.24	28.52	26.07
3e2u	-32.18	73.39	69.74
2qj9	-49.2	88.26	87.27
2k3s	-31.78	0.0	0.0
3eoy	-48.82	62.23	61.81
2oqj	-21.11	69.12	69.29
2p44	-43.94	23.94	20.5
3bpo	-43.94	42.92	43.76
2jy6	-26.82	0.0	0.0
3bn3	-26.82	52.89	49.91
2vog	-38.11	28.82	27.67
2vlq	-60.74	12.17	11.13
3bk3	-43.71	56.3	54.06
2p43	-43.6	17.6	14.96
2p42	-43.6	19.6	15.02
3b9f	-26.37	29.44	19.02
3eo1	-54.81	80.72	70.94
3be1	-43.29	66.55	83.33
3bgf	-43.29	47.01	37.75
3d5s	-43.29	42.57	43.02
3b2v	-48.41	67.22	43.04
3bdy	-37.23	47.53	42.57
3blh	-37.23	75.18	65.28
3ech	-37.23	15.0	14.39
3bky	-42.94	46.41	54.14
3d7u	-25.82	191.03	179.2
3cx8	-36.92	32.32	27.8
2k42	-42.56	0.0	0.0
2vsm	-42.56	14.6	13.07
2k2u	-36.78	0.0	0.0
2efh	-42.49	34.7	26.58
2rgn	-42.49	144.54	145.13
3c66	-31.52	54.75	59.94
3d2u	-47.93	42.02	40.43
3bp8	-47.85	44.24	43.11
3dvm	-47.74	58.11	66.96
3c4p	-47.7	23.66	22.04
3cqx	-30.52	34.03	35.12
3c4o	-47.59	22.03	20.11
3e2h	-30.46	67.8	64.04
3cx6	-30.36	40.74	39.08
2qjb	-47.43	81.85	81.65
2jtt	-30.31	0.0	0.0
2vlr	-30.31	41.98	35.2
3c09	-42.05	51.09	43.98
2vyr	-41.99	28.25	23.81
3ejj	-36.2	67.35	38.6
3bpn	-36.03	45.79	42.73
3cqc	-47.93	77.32	54.26
3cqg	-47.93	79.76	67.62
2k5b	-30.81	10.0	10.0
2ve7	-30.81	65.72	66.52
2vlj	-30.16	47.86	43.51
3beg	-41.67	117.65	113.11
3cx7	-35.87	42.87	42.25
3bpl	-35.69	37.91	26.77
3chw	-41.35	22.39	21.2
2efd	-46.44	74.66	61.78
3c9a	-46.31	22.41	23.06
2vay	-46.25	34.43	35.12
3d7t	-23.71	108.09	85.64
2v5q	-40.8	34.3	31.71
3crk	-29.0	53.2	73.02
3dbl	-28.87	71.15	62.47
3dvg	-46.01	64.15	60.62
2qna	-40.42	31.25	30.86
3bik	-29.09	67.94	63.62
3bs5	-40.15	31.99	31.14
3dvn	-40.16	78.85	75.12
3bh6	-40.08	35.88	32.5
3bx1	-33.6	33.57	29.09
3d1m	-33.6	33.07	31.28
3b4v	-60.06	40.24	32.31
3fju	-50.2	10.4	9.18
2oul	-50.05	22.69	19.47
2ody	-49.91	30.82	30.46
3bg4	-42.6	25.98	24.27
3ixe	-33.9	14.08	10.37
3iol	-37.68	15.8	12.41
2w84	-40.84	0.0	0.0
3a6b	-39.76	18.57	15.63
2vxq	-56.84	28.68	25.79
3da7	-39.3	37.74	32.91
3k2u	-55.91	66.83	57.3
2w9e	-57.08	40.71	39.05
3fp6	-74.2	12.98	8.56
2wjv	-38.24	21.85	23.49
3huj	-38.24	42.72	40.27
3inb	-38.24	159.04	154.33
2kbw	-37.07	0.0	0.0
2khs	-36.78	0.0	0.0
2wel	-37.23	19.95	21.57
3dxa	-37.23	63.93	63.94
2w83	-36.4	31.44	25.27
3g3a	-36.34	25.87	23.04
3d3v	-36.17	63.82	61.01
3gty	-53.24	49.99	58.79
2zvk	-36.52	32.47	28.51
3d39	-35.35	66.56	64.44
2k79	-18.12	1.07	1.19
2k7a	-18.12	1.0	1.0
3idc	-52.64	57.32	52.81
2wp0	-34.43	47.94	38.51
3knb	-34.4	26.38	25.58
3gd1	-34.3	67.4	71.62
3h3g	-34.27	44.85	43.96
3ew3	-50.92	107.93	91.69
2wy2	-16.47	0.0	0.0
3hcu	-33.27	79.3	74.28
3hct	-33.27	40.77	33.57
3kpr	-33.24	36.45	34.91
2zvo	-33.08	50.61	38.75
2zvn	-33.08	77.64	63.68
2k8c	-15.67	1.35	1.47
2k8b	-15.67	1.44	1.43
3htu	-32.79	32.05	23.23
3g6j	-49.78	41.31	21.81
2wo2	-28.35	49.88	39.29
3k8p	-45.66	61.29	53.49
3hi1	-45.38	109.2	88.55
3idb	-45.36	23.81	20.13
3dco	-28.17	39.15	40.01
3eiq	-39.72	55.84	52.75
3ifq	-39.59	91.77	93.18
2knb	-28.3	0.67	1.0
2wii	-28.3	67.95	58.88
3hh2	-45.15	24.86	19.39
3h2u	-27.97	64.03	53.47
3f1p	-22.38	18.52	20.72
3gni	-45.21	28.59	27.48
3fku	-56.43	87.59	81.96
3ff8	-22.18	32.09	23.8
3jsv	-22.16	82.3	58.62
2wqz	-39.27	72.52	71.26
3hpw	-27.89	13.17	13.29
2w19	-39.12	29.98	31.13
2wfx	-44.83	74.54	73.34
2wub	-38.95	71.03	61.03
3g6d	-61.78	18.71	14.57
3h6g	-27.53	89.77	0.0
2wuc	-38.77	38.26	36.4
3hg0	-44.5	50.04	39.07
3di2	-27.08	45.14	38.57
3g9v	-68.49	39.42	33.46
3jrm	-68.49	38.68	37.01
3kv4	-34.25	25.68	21.47
2vxs	-49.53	43.64	38.18
3gc3	-32.41	24.3	23.57
3eoa	-49.41	31.41	25.25
3eob	-49.41	97.32	88.08
2wo3	-32.18	43.67	40.72
2k8f	-31.78	0.0	0.0
2kc8	-38.24	0.0	0.0
3ff7	-21.11	28.15	23.43
3gxu	-38.2	20.57	17.52
2wby	-43.94	28.39	36.43
3doe	-43.94	37.88	36.79
3g7z	-61.07	25.75	26.22
3fhc	-43.75	42.37	45.75
2w2x	-26.6	64.96	63.3
3di3	-43.82	81.89	71.78
3h8k	-43.82	33.48	30.74
3h2v	-26.57	55.74	54.94
3ho5	-38.0	96.76	88.4
3gsn	-26.01	52.58	46.4
3jvf	-37.3	110.29	101.89
3he7	-37.26	44.17	43.72
3etb	-60.15	13.5	11.76
3gqi	-42.7	80.48	78.12
3g3b	-42.63	44.87	42.08
3g9w	-25.36	32.08	34.98
2w8b	-42.35	18.98	16.7
3jse	-65.77	57.2	56.2
3gj8	-31.52	35.65	33.94
3idx	-47.91	110.4	102.76
3idy	-47.91	150.89	146.48
2zxx	-47.7	57.35	52.75
3hi6	-30.41	21.41	18.83
3it8	-59.17	74.16	59.22
3hae	-41.88	2.0	2.0
3gj5	-24.7	43.27	44.92
3f7p	-24.6	82.53	93.15
3gj3	-24.6	35.32	32.5
3kps	-24.6	36.97	34.75
2w81	-47.93	42.43	38.99
2w80	-47.93	40.48	39.06
3h42	-65.06	46.22	31.93
3gj7	-30.81	54.97	54.01
3kls	-47.14	156.44	173.35
3a67	-47.09	20.05	17.08
2ka6	-41.57	0.0	0.0
2k2s	-41.53	0.86	0.91
2wbj	-18.54	63.91	60.96
2ka4	-41.3	6.0	6.0
3ejh	-30.26	52.53	44.88
3gb8	-29.61	44.54	22.19
3gj6	-29.61	88.25	142.16
3gj4	-29.57	50.99	51.74
3gjf	-41.1	32.74	27.77
2kj4	-41.02	0.0	0.0
3he6	-40.87	48.88	48.38
3a6c	-46.5	16.9	14.33
2wg3	-40.71	19.99	20.14
2wg4	-40.7	66.52	60.99
2wwx	-40.54	13.53	10.53
3jtl	-63.67	40.65	39.84
3dmm	-29.03	56.04	46.82
2k3u	-46.09	12.51	12.87
2kde	-28.83	7.9	9.03
3ffc	-28.83	39.01	33.88
2wss	-40.51	95.13	101.06
2wx0	-29.09	43.89	32.2
3ia3	-40.13	83.08	74.33
3bzd	-22.93	18.22	14.75
2kgx	-28.8	10.0	10.0
3gmw	-58.8	26.12	24.19
2vxt	-55.36	21.81	20.21
3fxd	-43.94	30.95	34.19
3fsh	-47.38	62.82	52.6
3h8d	-40.51	31.95	27.93
3e1z	-59.61	25.97	24.09
3h6s	-57.63	31.83	25.1
3fii	-49.78	39.3	44.45
3fie	-51.37	22.38	26.61
3k9m	-49.65	42.44	43.32
3e2l	-58.0	29.51	25.14
3e2k	-58.0	35.02	32.45
3g7a	-45.92	37.74	37.17
3f50	-45.92	83.53	80.06
3n00	-39.72	49.47	46.33
3ixt	-59.68	58.83	55.34
3mc0	-39.4	36.6	29.94
3fpu	-56.62	31.86	28.54
3iu3	-56.24	87.22	77.92
3laq	-55.76	33.82	32.56
2wpt	-39.95	26.11	19.45
3lk2	-39.95	21.48	20.07
3nfp	-54.61	69.73	57.58
3ogo	-54.19	34.88	35.37
3l9j	-54.04	28.26	24.29
3mca	-36.58	67.74	53.66
3kuc	-36.27	26.21	21.46
3o6q	-53.29	62.11	63.64
2kwj	-35.96	0.0	0.0
3lev	-52.64	106.58	74.61
2wp3	-34.82	15.55	15.46
3n85	-51.95	74.66	64.48
3mxw	-52.25	25.26	24.94
2wwk	-33.63	8.76	9.13
2ki4	-47.93	0.31	0.55
3oky	-33.6	50.27	42.04
3ma2	-33.19	24.81	21.68
3lk4	-50.36	48.83	43.04
3lqa	-33.08	101.83	95.62
3kud	-32.93	39.46	38.74
3m0a	-32.93	82.86	61.34
3osl	-49.91	37.68	33.34
3k75	-39.72	51.86	41.02
3kz1	-39.72	71.51	65.45
2xb6	-39.61	24.38	25.59
3pl6	-27.65	57.65	53.02
3k3q	-56.12	41.85	32.43
3h3p	-44.83	32.28	30.2
2kxh	-27.7	0.0	0.0
3k6g	-44.42	31.0	26.88
3oak	-38.65	62.61	64.94
2x1w	-44.5	69.81	65.84
2x1x	-44.5	53.83	56.34
2l0f	-21.49	0.0	0.0
3m63	-38.57	42.9	43.5
3l5n	-38.5	172.26	134.59
3m18	-55.62	29.21	24.86
2kwi	-38.44	0.0	0.0
2wh6	-44.2	27.26	30.95
2rr3	-32.41	0.0	0.0
3mv7	-32.29	40.47	32.63
3o4o	-32.12	125.16	103.48
3onw	-49.3	62.5	66.15
2kwk	-32.18	0.0	0.0
3mjh	-32.08	36.07	37.4
3l95	-49.1	31.86	29.72
3mhp	-31.74	16.21	12.87
3a4s	-31.69	42.69	45.19
3ohm	-38.24	76.5	69.1
3hug	-43.94	46.68	45.48
3nh7	-43.94	64.17	58.06
3ncc	-3.85	39.96	34.61
3kyi	-20.9	85.67	88.85
3aaa	-43.82	26.77	21.81
2xdf	-26.7	362.34	625.71
3o6b	-37.92	114.14	115.11
2wd5	-43.71	49.11	42.9
3mzw	-60.83	57.08	45.74
3ouw	-43.6	79.33	72.27
2ktf	-26.47	0.0	0.0
3aa6	-37.59	23.72	20.03
3l5x	-54.62	48.57	44.63
3kxf	-26.08	24.94	21.34
3l89	-37.37	58.27	61.46
3nvq	-37.34	66.65	46.19
3lhp	-60.23	50.34	47.83
3kj2	-49.65	44.27	31.85
3kj1	-49.65	42.41	32.18
3kj0	-49.65	21.57	19.79
2wvw	-32.53	0.0	0.0
3npz	-31.4	60.79	49.79
3n06	-14.32	41.7	35.74
2l14	-31.44	0.0	0.0
2xra	-48.41	36.04	28.85
3m9d	-31.21	153.98	178.04
3oiq	-30.94	56.54	48.56
2xgy	-25.82	33.15	30.35
2xqr	-42.86	31.48	24.15
3mv8	-25.46	31.16	22.19
2xa0	-42.54	40.12	40.31
3oux	-42.56	66.2	62.57
2wy8	-36.78	22.71	21.39
3kw5	-36.61	123.05	119.75
3jza	-65.77	22.01	17.97
2xtj	-47.7	34.26	29.85
2x9a	-30.57	59.49	52.28
3lb6	-64.66	55.99	44.43
3mzg	-13.15	40.59	32.49
3ajb	-42.18	53.05	63.45
3lbx	-36.52	29.65	26.94
3h7b	-25.04	25.4	25.35
2kwo	-24.71	0.0	0.0
2kri	-24.76	10.0	10.0
3lh2	-58.95	57.21	50.68
3im4	-41.77	53.54	57.72
3kr3	-58.85	26.28	19.59
3aa0	-30.81	24.97	21.53
3n0p	-13.08	34.06	26.51
3h9h	-30.07	35.98	35.14
3ol2	-30.02	74.8	71.54
3mv9	-29.91	47.95	37.47
2kvq	-24.55	0.0	0.0
2kwu	-24.5	0.0	0.0
2xqb	-58.7	51.32	42.11
3l5w	-58.7	49.73	44.85
2kqs	-24.3	3.48	0.97
3mj7	-30.26	67.12	58.78
2x2d	-29.76	33.07	29.92
3o9w	-29.72	47.47	39.81
2l0t	-23.94	1.45	1.31
2wy3	-40.98	32.76	33.54
3lb8	-23.86	75.5	80.49
2kyg	-40.95	0.01	0.01
3me2	-58.03	58.31	64.73
3o8x	-35.17	41.36	33.72
3lk3	-46.93	34.54	30.65
3ngb	-46.31	115.09	105.92
3k2m	-46.55	26.86	26.4
3egg	-46.01	25.62	25.18
3kbt	-45.84	33.25	28.82
3gs2	-45.87	31.08	25.19
3nvn	-45.81	46.64	34.77
3orv	-28.69	28.87	26.57
3ixa	-28.59	23.05	21.75
3ixs	-40.22	35.06	32.25
2kwv	-23.09	0.0	0.0
3ncb	-5.89	39.09	33.87
3k1r	-51.37	25.26	22.41
3mac	-38.24	53.47	49.39
2wus	-30.26	46.61	25.86
3lms	-50.92	55.14	48.05
3l33	-39.19	44.29	42.73
2xtt	-61.07	9.87	7.91
3kz0	-37.46	48.14	37.69
3ssb	-54.35	27.58	25.83
2yj1	-45.01	32.62	34.0
3qbr	-42.63	70.44	66.27
3zrz	-60.06	22.38	20.94
2xqw	-38.5	53.37	47.92
2ybr	-55.24	32.89	24.95
3p71	-36.64	43.66	38.77
3p11	-53.7	159.53	136.63
3alz	-35.87	271.54	266.06
3au4	-35.82	39.63	51.37
3tac	-35.73	53.77	47.98
3ry6	-18.84	34.48	43.27
3oed	-35.96	77.91	73.35
3ona	-35.2	76.56	63.37
3syn	-35.51	30.16	22.73
2y8s	-51.4	33.01	35.38
3qbt	-34.51	39.82	39.26
3n4i	-51.13	19.58	19.63
3qhy	-68.26	20.64	17.12
3rt0	-33.79	36.27	34.23
3r1g	-50.72	38.31	36.98
3uc0	-50.72	58.61	50.07
3noc	-50.36	62.38	64.48
3o5t	-33.24	23.92	22.88
3qq8	-33.24	37.91	30.61
3p0y	-49.75	23.1	18.6
3p6z	-32.59	26.76	25.87
3sdc	-28.37	63.0	61.75
2kxw	-45.66	0.0	0.0
3qc8	-28.26	46.69	44.67
2xze	-39.65	28.2	26.45
3qlu	-45.43	46.21	42.86
2xbb	-28.3	48.92	48.41
3rbb	-45.15	48.1	45.65
2l2l	-45.13	0.0	0.0
3onl	-28.09	38.28	36.24
3qib	-27.76	54.82	46.48
3oj2	-39.3	48.07	43.59
3ojm	-39.3	24.81	21.84
3qml	-45.01	67.73	56.78
2y8t	-44.79	22.81	22.78
2xpx	-38.95	46.97	50.75
3zs9	-38.95	34.98	34.75
3rgv	-27.53	58.97	50.86
3t4a	-27.24	67.19	49.52
3zwl	-38.79	39.86	43.6
3b08	-27.19	23.69	24.35
3qeq	-21.52	58.23	43.15
3rea	-38.51	54.48	44.01
3q9n	-44.35	27.48	26.94
3sja	-44.35	76.98	67.45
3vh8	-27.22	28.16	21.92
3sua	-26.96	124.77	93.74
3quy	-38.4	41.2	36.75
3sdy	-51.37	95.25	76.74
3sip	-34.25	92.33	81.1
3tn0	-32.29	81.08	75.16
2l9s	-32.29	0.0	0.0
3owt	-31.98	48.38	54.5
3sf4	-49.2	47.69	44.06
3rdz	-48.92	30.85	23.78
3sgk	-48.73	64.46	54.23
3uaj	-48.73	69.45	62.83
3r4d	-43.78	67.3	60.4
3nog	-43.66	80.11	89.33
3qbq	-37.89	62.14	51.53
3qux	-37.71	46.8	39.87
2kt5	-25.99	0.0	0.0
3r2x	-43.02	167.31	164.02
3qdm	-25.9	50.43	41.91
2y9m	-49.65	46.87	40.82
3rk3	-32.53	99.8	72.71
3scm	-31.5	56.58	54.74
3aon	-48.49	41.53	35.16
3r9a	-31.14	31.68	31.01
2xhe	-48.0	104.75	103.05
3t6g	-42.94	100.47	99.45
3sjd	-42.86	344.87	386.78
3qiu	-37.06	47.34	39.31
3ru8	-42.66	41.07	39.56
3oxu	-25.5	35.61	29.89
3quz	-42.25	43.1	36.63
3t2n	-42.24	47.83	43.53
3q4f	-30.75	267.87	278.29
3rug	-30.57	23.41	22.61
3r0l	-47.64	16.66	16.92
3sdd	-30.34	79.21	75.31
3q3g	-47.39	54.31	45.7
3qs7	-42.23	168.72	149.61
3qdj	-25.1	84.63	74.83
3r85	-25.02	36.74	36.72
3pvm	-42.1	192.8	185.49
2x89	-41.99	60.77	57.89
3uai	-41.93	100.68	99.02
3sda	-30.14	59.74	59.27
3q9u	-47.28	40.02	37.38
3s5l	-30.11	37.46	30.06
3o6f	-30.02	66.65	55.44
3qdg	-29.98	91.49	79.24
3rkd	-46.97	25.46	22.44
3pbp	-41.67	73.99	74.04
3s8v	-41.67	87.12	78.14
3to4	-41.67	71.79	63.89
3zs8	-41.62	111.96	103.38
3rpg	-30.26	38.86	39.39
3t1q	-30.26	39.91	36.1
3uyo	-29.49	25.55	23.94
3rzw	-40.91	38.97	38.29
2y0b	-46.93	56.62	45.93
3rdt	-29.8	52.02	43.08
3rgf	-46.53	44.81	46.95
3zyi	-46.44	58.73	52.11
3zyj	-46.25	102.08	109.14
3sku	-40.84	146.19	139.03
3s2k	-40.79	60.47	58.97
3rzc	-35.07	46.58	42.91
3q1s	-40.73	47.17	35.86
2l1l	-46.55	1.75	2.2
3pp4	-29.42	24.68	19.85
3s4s	-28.86	45.21	37.83
2xns	-34.77	109.15	111.03
3skj	-51.89	55.43	49.59
3pmh	-40.48	68.36	67.84
3qht	-40.45	49.08	44.05
3qwo	-40.3	48.79	39.02
3mj9	-46.21	76.84	69.75
2ld7	-45.87	0.0	0.0
2xzd	-45.76	56.79	45.74
3olm	-23.08	60.73	74.42
3qsk	-40.19	21.19	13.23
3reb	-40.06	131.92	113.43
3opz	-52.18	59.37	60.81
2ygg	-43.94	51.02	49.94
3t04	-41.57	23.04	17.43
3ay4	-41.22	42.32	37.16
3u1j	-43.29	27.65	24.04
2y48	-20.99	77.24	84.16
3b23	-54.21	67.36	66.2
4a1u	-35.77	21.88	22.35
3qtl	-50.48	33.78	42.8
3o40	-50.54	29.88	30.32
3p95	-33.24	18.62	14.6
3pnr	-45.23	63.22	54.41
3zv0	-22.59	59.84	61.81
4a94	-64.55	19.14	15.59
3p92	-46.97	15.23	10.71
3nps	-57.95	22.9	21.57
3o43	-45.92	42.76	43.21
4eah	-51.77	105.72	91.68
3ujg	-34.65	56.45	47.71
4ers	-51.5	43.25	42.15
3v6o	-53.09	37.8	28.2
3ukx	-60.06	32.78	29.95
3ro2	-41.88	53.25	67.83
2lnh	-42.23	0.0	0.0
4di3	-41.22	117.68	126.1
3uzq	-57.57	33.69	29.16
2lxm	-57.63	0.0	0.0
4drb	-39.72	44.95	40.61
4dke	-56.62	67.52	57.0
4dck	-39.5	51.58	39.65
4etq	-55.62	42.6	37.0
3v6b	-37.4	117.1	108.16
4g6m	-54.44	30.74	22.69
3tsr	-89.6	25.42	29.24
4eee	-55.36	60.52	56.67
4b1v	-37.07	20.51	25.45
3thm	-53.97	40.56	31.3
4hkx	-36.78	45.77	37.83
4etp	-36.71	70.0	62.66
4am0	-53.52	44.69	38.95
4g59	-36.4	51.66	48.85
3uzv	-53.46	60.95	58.73
3tkl	-36.34	32.09	34.69
4al8	-53.35	30.55	25.25
4dgi	-36.23	65.41	46.95
4ala	-53.24	31.1	22.7
4auo	-36.52	33.92	29.01
4dbg	-35.87	50.8	48.09
3uz0	-35.68	79.22	70.65
4dt1	-35.68	40.67	31.91
3tei	-35.96	56.91	68.97
3u9d	-35.96	32.81	32.48
4ft4	-35.96	73.98	103.4
4apf	-35.31	115.72	96.91
4eef	-52.64	81.68	92.51
3twi	-35.51	47.03	39.25
4f3f	-52.18	52.02	41.03
3ux9	-52.09	62.17	58.01
3vwj	-34.99	69.63	61.74
2luh	-35.13	0.0	0.0
3vwk	-34.71	72.16	66.85
4aei	-51.92	46.08	35.19
4afz	-51.63	51.1	46.22
4fqi	-51.63	35.85	27.91
4fqj	-51.63	46.24	41.08
4dra	-33.86	44.69	41.64
4fqv	-51.13	244.77	207.74
4ehq	-33.6	21.6	21.84
3u9z	-33.18	29.9	32.93
3tq7	-33.24	69.86	61.12
4dm6	-33.24	33.7	34.41
4dm8	-33.24	40.52	36.34
4dxa	-32.79	41.03	40.1
3ve0	-32.6	145.82	126.23
3qt2	-49.78	80.27	69.16
3vys	-32.66	71.75	77.93
2lpb	-28.51	10.42	10.32
4fqr	-39.95	55.56	58.95
4hcn	-22.67	20.67	15.03
3ul4	-45.34	35.01	25.81
4gg6	-28.21	43.21	35.81
3zuv	-39.56	60.76	63.51
3vfr	-22.4	17.32	13.92
2lvo	-27.93	10.0	10.0
2lkm	-45.21	0.0	0.0
4fzv	-44.95	60.77	43.95
2lvp	-27.81	10.0	10.0
4auq	-22.07	64.05	63.83
3vyr	-39.12	48.6	48.21
2l29	-44.61	1.93	1.85
3rtq	-38.95	43.35	38.2
3zwh	-33.18	23.01	21.17
4drx	-38.87	45.83	41.81
4f9p	-44.66	126.43	115.19
3vhx	-27.53	56.06	49.19
3sri	-38.71	28.89	36.68
3p9w	-44.5	39.92	39.3
3u82	-44.33	193.82	211.78
4ei5	-27.14	100.79	88.31
3v4y	-44.23	36.57	42.36
4g6u	-44.23	47.66	43.63
3rvv	-44.35	33.83	30.31
3tje	-44.35	51.08	41.98
4g6f	-44.35	51.42	45.98
4g8a	-55.54	48.01	39.96
3vfn	-21.27	11.85	8.16
4ffy	-44.2	54.76	45.94
2lox	-38.36	0.0	0.0
4h6j	-38.36	24.13	23.42
3t0y	-38.32	36.61	39.1
3rvw	-44.07	35.34	31.58
3u43	-85.62	16.41	12.23
4f6r	-51.37	60.18	62.14
3tjz	-34.25	72.45	67.92
4eoz	-34.25	86.03	79.46
4giq	-32.42	44.03	28.43
4fqy	-49.41	167.42	156.56
3ul0	-49.3	36.29	30.98
4b93	-32.18	49.34	48.43
4eo5	-49.18	47.67	42.68
4eqa	-49.18	24.72	18.73
4b0m	-32.06	34.04	25.66
3ukz	-49.2	27.48	22.97
4afq	-49.2	26.29	23.55
4aqe	-32.08	24.34	21.97
3uez	-66.22	79.71	70.72
4en3	-31.97	63.32	59.84
3vpj	-48.84	53.23	43.78
4g4s	-31.71	26.8	24.62
3ul1	-48.91	39.74	33.59
3ula	-48.78	87.33	87.64
4f38	-48.73	37.34	33.81
2lqc	-31.61	0.0	0.0
4apx	-31.61	22.39	19.56
3zwz	-43.91	18.63	22.33
4fxg	-43.86	119.38	116.73
3vfv	-26.71	16.74	13.37
4ap2	-43.94	90.17	85.91
4gms	-43.94	104.63	94.73
4g6v	-43.81	39.32	39.12
4fao	-60.87	80.46	78.43
2lp0	-26.56	0.0	0.0
2lvq	-26.52	10.0	10.0
4dn4	-60.83	39.9	34.42
3swp	-43.47	263.02	308.57
3uts	-20.3	60.11	48.2
3qwr	-49.65	100.56	92.82
3qwq	-49.65	63.11	38.63
4ayi	-49.65	54.88	48.35
2ypl	-31.52	66.26	53.63
4dkf	-48.56	63.54	57.16
4etw	-31.44	46.37	62.14
4f48	-31.36	24.98	29.27
2leh	-48.41	0.0	0.0
3u8x	-31.21	24.46	26.44
3sjh	-31.21	18.22	25.52
3tl8	-31.14	63.82	61.76
4e05	-48.16	63.28	57.22
4d9q	-60.06	48.4	39.22
3sjv	-25.73	86.58	65.9
4dh2	-42.73	34.22	28.17
4aye	-31.26	46.83	41.83
2ly4	-36.88	0.0	0.0
4h1l	-25.21	93.12	82.58
4dge	-25.2	18.9	19.71
4d9r	-65.06	53.37	44.09
4g6j	-47.87	36.6	28.64
3uyp	-30.75	37.56	38.21
2y5b	-30.69	21.46	17.11
3vg9	-47.7	87.0	63.42
4day	-47.64	92.95	88.93
4ffz	-36.42	158.04	156.11
4a49	-24.98	53.42	48.31
3vfw	-24.84	15.28	12.02
3qi2	-41.93	65.96	68.63
3qbv	-36.08	54.45	42.61
4hkj	-36.07	83.46	72.74
2lp4	-13.69	0.0	0.0
2lnk	-47.93	1.46	0.79
2lfw	-47.1	0.0	0.0
4gh7	-47.02	58.17	54.06
4elm	-29.81	81.46	63.88
4exp	-35.96	85.97	60.52
3tvm	-41.58	54.25	49.13
3tu3	-41.35	37.29	39.89
3oun	-41.3	24.79	19.83
4a1s	-47.38	42.12	36.99
3sqo	-64.5	56.93	48.53
4ag2	-46.85	27.3	24.51
4gxu	-46.85	109.06	103.71
3zu7	-46.69	31.09	32.03
4f9l	-40.98	85.45	76.73
4doh	-35.18	61.09	52.26
4did	-29.8	58.23	46.83
4ds8	-29.19	26.96	21.3
4dtg	-57.86	37.96	31.69
3v62	-40.54	87.85	101.95
3vfp	-23.33	20.14	16.05
4ayd	-34.74	40.22	35.6
2lqh	-23.23	0.0	0.0
3vfm	-23.1	20.76	16.02
3uze	-46.21	37.22	39.1
4hcp	-28.69	19.3	18.48
4dkd	-40.11	97.02	83.53
4dj9	-39.98	70.84	67.1
3ukw	-56.84	28.21	22.94
4f0a	-32.08	101.97	129.86
4dcn	-31.29	51.65	42.98
4dvg	-31.52	79.72	72.39
3uir	-53.43	29.84	23.87
4gi3	-52.33	21.43	20.83
3tg1	-34.22	88.16	74.15
3v96	-51.13	47.2	34.36
4dzv	-45.43	45.28	50.8
4dg4	-31.78	16.28	12.87
4an7	-48.49	44.9	35.44
2yq7	-42.56	24.55	27.05
3so3	-53.69	61.18	52.27
4g35	-41.48	27.27	22.23
3tvj	-46.93	16.85	14.35
4hx3	-46.93	58.17	47.74
4djz	-46.55	47.2	50.21
3w9e	-49.91	52.6	45.13
4kvn	-50.36	80.57	75.89
4ksd	-37.59	127.75	135.87
4k2u	-61.73	89.92	73.55
2ypv	-60.06	26.82	21.38
3wd5	-56.73	48.16	42.32
3v6z	-39.5	110.42	97.17
3tz1	-39.1	32.14	29.7
3w8h	-38.73	20.8	15.22
4k0a	-55.62	47.68	49.92
4kbb	-38.5	24.79	23.92
4hgk	-55.49	85.69	61.22
4gn4	-37.65	34.28	31.08
4bpx	-37.68	218.66	196.68
4c4p	-37.68	38.46	26.38
4hff	-54.62	41.23	35.8
4hfk	-54.62	15.88	12.17
4kt3	-54.71	23.39	20.13
4b1y	-37.49	14.76	16.63
3zet	-37.31	29.69	26.77
3zeu	-37.31	18.84	18.2
4l67	-37.07	72.96	92.07
4hdo	-36.78	23.07	20.49
4iyp	-37.23	84.71	85.38
4kp3	-37.23	53.64	49.56
4ic7	-36.34	90.72	84.72
3w2d	-52.73	43.01	34.28
4bqd	-53.09	40.86	29.34
4leo	-53.09	54.48	40.57
4awx	-35.96	47.61	42.93
4k94	-52.51	52.2	38.99
4iop	-52.36	97.93	87.69
4gur	-35.2	51.95	56.53
4bfi	-35.51	93.31	73.31
4gu0	-34.99	77.57	98.28
4fq0	-34.59	91.22	83.12
4lmq	-51.57	44.67	32.79
4hdq	-34.35	38.23	33.15
4mhh	-51.63	142.56	138.01
4c5g	-34.17	37.21	29.5
4g9f	-34.01	24.42	20.2
4kt5	-34.01	57.11	46.2
2ma9	-33.74	10.0	10.0
4dx8	-33.71	102.77	72.27
4j32	-50.76	25.29	25.51
3zkq	-50.92	30.92	24.04
4k3j	-50.92	52.72	44.91
4i2x	-33.79	61.37	48.15
4hh3	-33.6	30.57	25.6
4jeu	-50.54	97.91	83.16
4jo6	-50.32	28.74	36.56
4gko	-16.12	150.48	143.8
3vxu	-33.08	67.34	63.17
4h2w	-32.89	33.45	54.99
4gaf	-67.04	54.17	56.78
4hsa	-49.78	104.44	90.62
3vep	-28.47	53.26	47.14
4asw	-39.95	9.52	11.24
2m04	-45.66	19.82	18.22
4hem	-45.66	29.61	26.21
4imy	-45.66	131.21	139.51
2m49	-28.54	3.25	3.04
4geh	-45.27	35.53	35.49
4i3r	-45.23	94.49	75.56
4c99	-39.63	86.2	81.01
4h5s	-27.99	17.7	15.57
4may	-22.3	42.76	37.96
2m0j	-45.21	0.0	0.0
4jeg	-45.21	34.55	26.5
2lz6	-28.09	9.14	8.8
4llo	-27.85	41.07	39.37
4jw3	-33.33	76.73	61.0
4je4	-44.83	19.15	16.59
4jzw	-61.71	35.66	34.33
4hix	-38.93	20.57	16.0
4kgg	-38.9	45.37	39.19
4grl	-21.76	53.53	47.0
4j6g	-44.45	41.87	39.04
4kr0	-44.39	53.32	49.76
4hjj	-55.91	52.77	46.89
4krp	-38.7	68.32	41.85
4hgm	-44.5	67.06	39.16
3znz	-38.29	31.43	25.72
4ios	-44.07	54.28	51.39
4eig	-51.37	45.13	31.34
4hrl	-51.37	33.02	27.56
4mhj	-51.37	89.98	89.97
3w8i	-49.47	35.35	33.05
4nm8	-49.1	68.39	49.51
2m86	-49.0	0.0	0.0
4glv	-48.71	26.76	21.4
4h88	-48.73	42.11	32.46
4iu3	-43.84	24.84	17.27
4bru	-38.24	104.78	136.84
4aoq	-38.21	11.64	10.9
4i6l	-43.94	42.16	35.78
4jan	-43.94	92.09	75.86
4hmy	-26.82	321.26	321.45
4h2s	-26.64	31.65	60.86
4ekc	-43.71	141.14	138.65
4ekd	-43.71	111.37	105.61
4hj0	-43.6	48.16	42.47
4jry	-26.27	46.46	44.58
4kro	-37.44	61.75	30.1
4bq6	-43.2	52.36	48.34
3wa5	-43.1	16.3	9.43
4jgh	-43.1	74.16	62.79
4c9b	-43.07	43.5	43.63
4jra	-43.11	41.82	40.82
4bsr	-49.65	66.78	61.38
4hlz	-49.65	101.23	79.45
4h3p	-32.53	44.92	67.3
3zjy	-31.52	93.44	75.34
4ng2	-31.36	53.01	41.63
4g01	-31.21	31.76	23.75
4geq	-31.14	37.0	35.62
4k81	-31.07	66.94	61.5
4jrx	-30.97	39.84	35.88
4jw2	-48.13	47.97	43.25
4bxz	-30.94	199.0	183.48
4hep	-37.23	40.16	33.64
4ftg	-42.94	59.04	60.43
4bj5	-25.82	115.92	120.01
4gn5	-42.85	25.77	21.27
4iiq	-25.73	68.86	66.1
4ihl	-36.88	49.96	53.35
4gla	-25.41	62.87	53.36
2m55	-25.43	0.0	0.0
4kgq	-42.49	45.47	40.32
3v3k	-42.31	82.77	72.76
4lad	-42.35	61.13	57.56
2lxp	-42.35	0.69	0.62
4hnj	-48.65	93.91	83.28
4eiz	-48.65	34.04	25.0
4euk	-30.75	40.48	33.69
4b1x	-30.61	36.9	38.77
4g8g	-30.47	22.36	16.76
4gn3	-30.46	32.57	31.64
4ilg	-47.43	47.27	41.31
4kjy	-59.27	47.01	31.73
4naw	-42.16	67.27	64.8
3zo0	-36.3	36.73	33.26
4jb8	-41.99	40.63	37.35
4jpk	-41.99	47.75	42.64
4i0c	-36.17	24.58	21.73
4krl	-41.83	33.74	24.76
3vza	-36.06	34.33	29.31
2m5a	-41.77	0.76	0.54
4f0z	-47.93	23.23	23.9
4iof	-47.93	50.46	41.64
4cc4	-30.07	50.45	37.96
4f37	-47.14	23.16	21.33
4i18	-47.1	59.69	48.18
4i9x	-46.94	52.61	48.0
4brw	-41.67	47.97	80.37
4jkp	-41.62	76.33	69.87
3vv2	-58.7	26.96	25.87
4kt1	-41.37	41.26	30.98
4ika	-24.2	57.28	76.74
2lww	-41.35	6.0	6.0
4ihh	-41.26	38.78	59.38
4m5z	-47.38	64.28	57.31
4bkx	-30.26	53.76	54.61
4k9e	-63.89	56.36	45.19
4aor	-41.18	17.01	15.53
4iw4	-35.47	78.95	75.8
3vxs	-23.91	28.06	23.72
3wn7	-46.44	17.09	18.67
4jeh	-46.18	59.66	54.07
4ka2	-63.22	46.11	48.19
4g3y	-46.01	39.13	32.04
2m0g	-40.39	0.0	0.0
4j2l	-40.26	75.22	64.59
4k71	-46.21	52.72	47.91
3vxr	-28.61	28.86	24.01
4dpg	-40.22	42.13	38.56
4lqw	-22.98	22.25	20.56
4fza	-39.98	96.75	88.99
3vux	-28.8	29.77	27.7
2m5b	-28.54	37.96	37.72
3w6j	-41.39	67.58	60.26
4j2y	-51.69	36.4	32.67
4ij3	-51.63	36.84	33.79
4doq	-39.12	29.31	27.99
4gnk	-38.0	131.83	118.28
4bd9	-42.86	38.57	27.7
3zia	-7.53	60.81	56.33
4ilw	-47.01	41.89	37.12
4boh	-41.41	53.11	49.24
4nst	-35.18	42.83	44.86
4bpk	-45.11	46.12	48.89
4plo	-42.35	42.11	20.64
4pbz	-41.67	61.65	53.79
4u6h	-57.31	65.59	58.49
4lgr	-56.84	29.65	21.56
4mit	-38.52	36.24	34.54
4m1l	-38.5	32.31	37.59
3wkt	-39.95	235.03	205.42
4pz6	-38.11	66.84	78.22
4lgp	-55.01	45.12	42.77
4bkl	-37.46	118.04	107.56
4ml7	-54.61	17.56	16.56
4qt8	-37.4	53.55	52.45
4jmf	-37.25	34.06	32.09
4mqw	-54.44	86.37	67.93
4peq	-89.6	20.34	18.18
4cmh	-55.36	31.68	23.18
4liq	-55.36	57.64	44.71
4pc0	-38.24	33.98	36.81
3wry	-37.15	42.9	34.75
4pl8	-37.07	31.48	40.32
4qxa	-37.07	56.81	38.19
4p1n	-36.78	66.08	65.78
4nqw	-36.4	32.4	25.52
4r8g	-36.01	106.31	95.16
4n8c	-53.64	26.86	22.8
4k24	-35.77	307.44	280.83
4pwx	-35.77	348.17	348.2
4lrz	-35.96	46.46	42.38
4ofy	-35.5	94.45	74.97
4kdi	-35.1	46.79	42.72
4kvg	-35.13	29.6	24.65
4cmm	-34.8	38.62	36.38
4od2	-51.58	111.76	72.59
4mrt	-34.45	28.69	28.33
4nso	-51.42	52.04	42.15
4byf	-34.51	59.17	53.22
4pj8	-34.25	83.53	77.19
4ne9	-33.86	70.26	50.48
3wdg	-50.92	13.02	14.32
4pqt	-34.01	30.64	24.56
4u0q	-34.01	50.95	46.54
4cu4	-33.79	55.02	63.07
4re1	-33.79	49.89	50.35
4w4l	-50.72	83.79	66.68
4wfd	-33.6	69.63	63.98
4ov6	-50.24	45.39	38.99
4w6y	-50.24	22.59	20.04
4nn6	-50.36	94.16	83.2
3wkn	-50.2	49.08	45.9
3wn5	-33.08	55.17	52.77
4qlb	-33.08	58.26	71.03
4kv5	-50.05	67.44	62.72
4nee	-32.79	39.53	35.17
2mcn	-32.66	10.0	10.0
4cdk	-32.66	84.1	67.29
4k1r	-28.49	20.59	17.71
4k5a	-45.59	17.73	14.59
4cni	-62.78	20.83	15.78
4u6v	-62.78	75.26	63.3
4q96	-22.51	24.66	20.0
4cj2	-45.43	26.29	24.85
4pas	-39.37	14.58	13.23
2ru4	-39.38	37.31	35.99
4m38	-28.09	19.72	22.9
4m5f	-62.04	40.69	29.57
2mbb	-22.18	0.0	0.0
4m1g	-44.76	15.72	12.88
4p3y	-39.02	46.1	56.69
4ons	-44.53	79.93	59.16
4ozg	-27.4	79.97	73.31
4pou	-38.84	19.52	15.78
3wo4	-44.66	74.39	61.08
4rdq	-44.66	101.97	105.68
4lrx	-27.53	68.43	67.98
4u3j	-38.79	48.83	38.34
4n7z	-38.54	45.48	46.13
2mej	-27.22	0.32	0.35
4c1n	-44.19	39.06	37.62
4d0n	-27.07	32.14	24.36
4v2c	-27.08	111.61	111.81
4myw	-44.06	82.02	77.99
4bwq	-26.86	23.52	16.7
4np4	-61.19	74.49	68.25
2mre	-26.95	0.0	0.0
4per	-85.62	30.55	34.31
4py8	-51.37	90.81	85.02
4u2x	-51.37	78.89	70.38
4odx	-49.58	56.94	47.28
3wrx	-32.41	32.95	30.64
4pjd	-32.29	32.02	28.69
4qrp	-31.99	61.18	53.9
4pbv	-32.08	57.19	55.46
4pj9	-32.08	37.55	36.12
4m62	-49.03	19.39	16.2
4u97	-31.97	63.16	0.0
4u5w	-31.85	36.35	24.57
3wa0	-31.84	61.36	73.03
4ra0	-66.03	92.34	84.55
4c4k	-31.78	38.95	37.14
4pj7	-31.78	51.3	48.15
4qd2	-31.78	65.19	45.72
4mqv	-31.61	30.54	28.65
4mjs	-43.75	52.55	41.48
4n8v	-26.56	37.08	25.9
4oyd	-55.12	28.57	23.82
4ojk	-26.58	68.92	69.31
2mnu	-37.89	0.0	0.0
2ruk	-26.35	0.0	0.0
4ozh	-26.29	65.92	61.03
4bxl	-37.78	0.59	0.6
4nl9	-37.69	21.92	18.6
2mp0	-9.14	0.0	0.0
4nzl	-43.39	26.03	19.18
4o27	-43.39	88.85	81.93
4ct0	-43.11	70.23	70.06
4x7f	-43.11	32.01	32.58
4jlr	-60.07	77.1	64.2
4p6i	-37.31	55.55	50.81
4w6w	-48.21	32.86	39.05
4x7d	-48.26	39.9	39.16
4p2c	-47.96	29.76	15.34
4m8q	-47.96	61.46	48.04
4u4c	-37.15	63.89	57.96
2mak	-20.03	38.85	38.4
4lyl	-42.86	25.04	24.25
4n9g	-54.15	41.06	38.61
4n7v	-42.78	49.95	36.11
4p59	-59.9	96.88	63.82
4p46	-25.66	60.05	51.18
4p9h	-42.69	64.61	61.01
4v0m	-36.86	56.08	37.48
4v0o	-36.86	27.09	9.98
4v0n	-36.86	52.67	36.47
4r2g	-42.63	55.78	42.54
4pjf	-25.4	48.77	44.97
4qzv	-25.38	47.35	47.61
4kxz	-48.65	51.13	47.93
3wwk	-31.52	60.92	54.57
4msm	-31.52	25.3	21.55
4khx	-47.81	126.99	101.79
4pjc	-30.69	36.05	31.65
4pja	-30.69	38.6	35.4
4kht	-47.75	134.48	93.19
2mj5	-30.63	10.0	10.0
4ol0	-47.53	73.66	73.75
4noo	-47.42	20.46	14.89
4j4p	-42.23	104.74	87.18
4ovn	-41.88	92.49	84.64
4pp8	-36.03	49.42	49.96
4cj1	-41.77	18.18	13.59
4jzj	-47.93	49.68	43.07
4lzx	-47.35	15.24	10.61
4w6x	-47.26	31.36	24.61
2mfq	-30.16	0.0	0.0
4ps4	-64.18	55.98	46.91
4lxr	-46.97	46.04	36.57
4nzw	-35.94	66.66	65.66
4pbw	-35.72	116.36	104.82
4q5e	-35.6	48.97	46.78
4js0	-30.26	29.36	35.99
4p5t	-30.26	65.36	59.23
2mjw	-29.72	0.81	0.98
4o1q	-29.72	53.08	50.7
3wwn	-29.56	35.33	43.31
4m0w	-29.53	17.74	14.43
4ln0	-46.62	25.7	22.51
4lqf	-58.16	34.48	29.47
4k5b	-52.46	23.79	24.73
4lu5	-58.11	37.88	32.52
4wo4	-40.98	40.52	34.31
3wo3	-40.87	78.34	73.31
4p23	-29.8	44.01	39.06
4m6b	-46.51	30.09	28.21
2mkc	-46.28	0.0	0.0
4ozi	-23.71	58.35	51.12
4ozf	-23.4	42.72	35.58
4x7e	-46.55	35.84	29.48
4mp0	-46.01	48.61	61.67
4pjb	-28.77	24.53	21.63
2mur	-28.73	0.0	0.0
4c2a	-45.74	45.49	42.62
4kfz	-40.11	75.41	68.01
4cj0	-40.0	12.03	8.81
4c2b	-45.92	90.06	87.96
4l0p	-45.92	36.52	29.08
4edw	-45.66	69.53	60.23
2mlz	-27.7	12.17	7.49
4c7n	-51.37	38.11	35.2
4q5u	-68.49	73.24	69.63
4p2o	-34.25	56.76	48.18
4p2q	-34.25	124.74	108.92
4p2r	-34.25	117.93	103.14
2mly	-32.53	11.3	7.5
4mne	-42.05	48.1	42.6
2mlx	-30.81	12.53	7.51
4niq	-30.26	48.62	50.73
4u30	-39.16	29.79	23.29
4u32	-36.65	12.82	9.52
4nm3	-24.1	54.81	45.6
4nu1	-24.1	74.87	65.67
4zgm	-55.49	29.2	27.1
4ywc	-37.73	58.52	52.58
5agw	-47.33	88.93	70.92
5agx	-43.37	50.25	40.13
4zii	-42.7	59.74	60.84
4rws	-48.65	84.16	96.63
4z5r	-61.33	75.67	69.95
5e4e	-57.51	58.77	52.8
5c6t	-56.43	138.08	162.74
5bnq	-55.97	56.71	66.7
4yh7	-38.95	147.17	132.54
4r8w	-55.58	74.98	64.59
4xhj	-55.43	101.19	92.28
4wen	-39.95	51.7	42.21
4zkc	-55.12	102.37	110.54
4qlp	-55.01	15.13	13.33
4rwt	-37.89	50.36	56.23
4zk9	-54.91	77.1	81.66
4uuz	-37.78	131.95	128.09
4x33	-37.68	24.64	23.85
4zs6	-37.13	68.77	62.14
4yk4	-36.75	62.87	52.63
4zi2	-36.4	37.63	32.48
4xi5	-53.14	110.89	101.81
5c7x	-70.76	48.67	43.35
5abv	-52.99	65.71	55.52
5bw8	-35.77	112.46	153.67
5cjq	-53.09	158.59	131.68
5dfv	-53.09	34.64	31.18
5dfw	-53.09	46.64	32.53
5d3i	-52.64	70.23	63.86
4yoc	-35.51	66.21	59.95
4zgy	-35.13	83.43	81.81
2mzd	-34.57	0.0	0.0
4wnn	-34.8	50.82	45.68
4v3k	-34.45	26.24	23.06
2n2h	-34.43	0.0	0.0
5cff	-34.08	42.65	37.24
5bqe	-34.01	63.34	55.79
4xxb	-33.27	53.71	46.24
4r8i	-50.54	42.98	0.0
4xl5	-50.54	49.32	46.11
4zlt	-50.54	60.38	58.31
4y5o	-33.41	80.15	78.41
2mv7	-50.27	0.0	0.0
4yc7	-32.67	59.97	57.01
3wqb	-49.91	16.37	17.01
5e8e	-49.91	34.27	31.5
4d0g	-32.79	62.37	55.12
5anm	-66.84	68.77	53.49
4rey	-39.76	52.17	55.29
4x7s	-45.66	53.94	48.08
4s0s	-45.34	92.4	80.58
5brm	-39.52	56.66	58.8
5bn5	-28.3	42.99	37.19
4ui1	-39.42	54.79	50.72
4z80	-45.21	19.68	24.95
4wuu	-44.97	82.22	67.65
4pw9	-27.79	38.05	44.07
5d1l	-39.1	29.02	28.64
2rvb	-39.06	0.0	0.0
4uu9	-61.95	28.74	23.29
4uyq	-61.95	22.42	18.93
4wwi	-44.62	69.4	61.43
2mro	-21.83	2.63	3.88
5do2	-38.76	74.08	64.72
4zqu	-44.5	41.22	33.98
4qti	-44.32	118.62	99.25
4z8l	-38.64	49.91	47.53
4yeb	-44.35	154.21	151.51
5d1k	-38.5	28.59	27.58
4ypi	-44.02	154.74	95.67
3wih	-44.07	27.53	24.31
2n01	-34.25	0.0	0.0
4zrk	-34.25	62.51	57.28
5dob	-34.25	88.94	86.0
4yvq	-32.49	48.57	39.44
4ydh	-31.93	101.6	86.25
4zgq	-31.97	106.79	89.05
4wv1	-49.0	33.52	28.34
4zrj	-31.61	23.18	26.29
4wb2	-61.05	36.81	0.0
5d70	-49.65	37.35	30.85
4uyp	-61.07	16.43	13.88
4zfo	-60.95	22.69	18.27
4rgm	-43.61	39.89	36.1
5cmn	-38.0	118.55	99.01
4rs1	-43.5	61.26	53.65
4zv4	-43.6	122.04	97.66
5di9	-32.08	44.2	50.44
5cyk	-37.69	89.7	70.83
4rjf	-37.68	24.68	25.03
4xlw	-37.57	145.33	126.43
5ajk	-31.84	77.77	77.51
4pgj	-43.29	36.33	32.19
4xhu	-43.29	51.88	48.87
4pvz	-43.17	47.39	48.89
5eiv	-25.97	32.91	26.75
4yyp	-37.4	89.89	90.64
4qci	-60.23	65.55	58.95
4yiq	-32.53	33.89	31.1
5e6p	-32.53	137.89	154.69
5aam	-48.06	86.14	88.93
5bvp	-60.02	54.99	40.17
4xl1	-37.2	53.82	45.29
4cvw	-60.06	25.06	29.2
5a6w	-42.86	30.85	23.46
4wnd	-42.71	23.23	24.69
5ajj	-31.35	48.98	59.86
3wwq	-25.37	40.7	39.49
4tq1	-19.73	24.91	22.05
4y61	-36.81	109.56	86.1
5a3i	-42.49	61.45	55.28
5dh9	-42.42	47.04	54.08
4xkl	-25.16	27.38	22.05
4uwq	-31.52	92.82	117.81
5c0n	-30.73	61.69	52.14
5aoq	-47.87	59.78	69.27
4w4o	-47.81	41.54	40.53
4xvp	-47.81	118.51	111.8
5aaw	-47.74	52.35	49.43
4xwj	-47.67	38.4	32.32
5d2n	-30.41	41.26	35.59
5e3e	-42.17	22.32	20.51
4ypg	-59.11	66.01	58.73
2mws	-24.81	2.17	2.3
4pj2	-58.95	23.08	20.85
5dwu	-41.72	142.12	132.75
5d2l	-30.21	80.26	71.31
4yl8	-30.07	23.51	25.55
4d2g	-29.99	53.16	50.76
4weu	-29.93	61.39	54.23
5bw7	-41.56	65.6	63.45
4zak	-41.39	50.03	46.82
4zfg	-47.38	59.5	52.37
4zff	-47.38	69.66	61.59
4s3o	-29.76	44.01	40.12
5ee4	-29.76	33.55	31.19
4uem	-46.77	99.8	98.96
5e8d	-46.73	81.44	78.33
4wem	-29.49	33.94	23.37
4uf1	-29.43	53.55	55.61
4tq0	-29.46	29.22	24.16
4uwx	-29.46	26.56	29.83
2n1d	-41.22	0.0	0.0
5d1m	-41.14	25.99	25.78
5d71	-58.14	51.39	45.25
5d72	-64.05	67.94	59.85
4xoi	-29.32	45.4	39.23
5c0s	-46.31	86.99	75.23
4rgo	-46.25	29.13	24.98
5dha	-34.86	54.04	58.79
4x4m	-45.98	182.92	181.85
4yn0	-40.36	63.7	47.15
4ui0	-40.27	88.36	95.37
4xnm	-46.21	85.37	72.38
4yiz	-46.21	34.91	31.36
5cxb	-45.87	63.41	45.46
5e7f	-45.9	78.77	79.69
5cjs	-45.79	179.83	177.26
4zpt	-45.68	41.73	35.34
4yj4	-45.69	18.45	17.38
4qnp	-40.08	48.09	45.67
5c3f	-34.8	23.93	24.48
5gpg	-50.71	18.2	24.36
5ibk	-42.56	81.11	74.9
5e94	-50.36	32.43	26.69
5j57	-61.07	23.94	21.08
5hvf	-60.06	62.06	53.96
5hgg	-58.6	30.36	24.12
5eg3	-39.21	35.52	33.63
5f6k	-39.3	46.73	52.32
5hpy	-39.3	68.13	55.34
5jsb	-38.95	92.37	75.67
4ybl	-55.76	95.78	88.59
5dcq	-38.5	29.04	30.29
5lxm	-38.5	74.05	83.25
5t5f	-55.49	69.84	55.07
5eoa	-39.95	58.88	52.29
5j7c	-55.25	37.75	34.2
5ibw	-54.81	14.97	13.24
5cw7	-71.65	50.08	47.45
5ifs	-55.36	45.25	38.2
5sx4	-54.04	54.76	41.56
5fo8	-36.85	67.48	73.01
5ies	-36.72	57.88	53.84
5eo9	-36.71	58.2	48.01
5czv	-54.35	68.61	60.5
5mi0	-36.46	50.68	39.85
4zi3	-36.4	46.11	41.51
5li1	-36.12	26.28	27.01
5ays	-53.05	25.75	29.21
5cx3	-35.77	55.85	60.07
5c0b	-35.96	53.16	47.68
5sv3	-52.53	26.81	14.21
5hvg	-52.51	84.04	77.64
5lxq	-35.35	70.28	78.7
5czx	-52.64	37.13	27.51
5ep6	-35.06	28.73	26.32
5boz	-52.25	89.77	92.66
5d5m	-35.13	48.16	41.47
5eyp	-51.86	48.44	43.11
5bt1	-34.71	46.05	48.55
5ctr	-34.56	106.37	75.5
5jsn	-34.8	55.03	46.81
5dmi	-51.6	42.74	37.71
4xkh	-34.4	47.4	43.31
5k8q	-51.63	32.26	37.82
5kho	-34.51	96.82	82.59
5sx5	-51.02	55.69	41.48
5l2k	-33.9	80.58	81.72
5c4v	-34.01	41.04	36.65
5szk	-34.01	86.15	74.15
5hdq	-50.92	44.07	32.65
5j3d	-50.59	153.47	130.45
5fob	-33.6	80.53	60.66
5chv	-33.26	59.34	42.5
5edv	-33.08	185.81	165.93
5jg6	-33.08	27.63	26.49
5d8j	-49.94	30.11	24.56
5kov	-49.82	105.64	109.31
5b78	-32.68	24.97	24.37
4zrp	-49.91	59.16	65.39
5fvk	-32.79	27.47	28.74
5fo9	-32.66	143.01	131.3
5d7l	-28.44	104.87	98.33
2n8j	-45.49	0.0	0.0
5b77	-28.35	30.25	25.67
5czf	-57.08	50.07	49.24
5kn5	-57.03	48.64	40.88
5et1	-39.79	22.74	22.25
5b75	-28.54	34.17	29.68
5dju	-45.34	36.95	31.95
5ft8	-39.56	69.8	74.25
5g1x	-28.07	28.14	29.82
5inb	-39.44	16.74	18.18
5ius	-56.48	118.24	100.93
5e9d	-39.32	62.22	51.08
5fhx	-62.33	61.29	51.77
4z9v	-28.09	69.2	66.43
4rt6	-44.97	55.7	60.93
5ij9	-27.81	72.95	72.01
5d1q	-62.13	74.21	67.26
5eb1	-39.12	34.28	29.3
5fr2	-39.1	54.95	48.52
5hk5	-39.02	36.63	34.23
5e95	-44.54	15.08	10.44
5j8h	-38.9	0.0	0.0
5f1b	-21.7	50.93	41.64
5jlv	-44.66	44.51	40.75
5i5k	-61.38	244.5	281.49
5djt	-44.35	20.45	15.98
5j28	-38.32	28.03	29.25
5ejc	-38.27	99.75	96.6
5lz3	-26.95	42.77	46.95
4z2m	-32.52	80.42	70.56
5jhf	-32.53	142.45	138.97
5ksb	-32.53	55.19	46.95
4z9k	-49.41	26.6	22.84
5tar	-32.18	37.37	43.1
5te6	-49.01	79.37	77.11
5j3h	-49.1	122.5	110.42
5k59	-66.22	74.45	66.6
5d50	-31.88	65.16	57.45
5jhl	-48.91	73.01	56.68
5te7	-48.81	63.23	51.7
5jh5	-31.69	47.54	43.44
5ks9	-31.69	36.43	25.87
5kw9	-43.88	46.03	41.89
5glh	-60.98	84.54	75.99
4zs7	-60.95	30.62	30.14
5d1x	-60.95	88.57	83.74
4xr8	-26.57	53.47	51.78
5fqd	-38.0	97.14	90.32
5f5s	-43.71	94.77	102.15
5szi	-37.65	101.17	84.15
5k22	-43.39	95.92	94.65
5kvd	-37.53	30.57	26.31
5ee5	-26.17	67.69	54.43
5d28	-43.2	60.95	50.32
5ikc	-43.2	41.94	36.87
5cd5	-37.32	140.65	115.71
5mhs	-49.65	143.08	121.41
5l8j	-32.53	35.49	30.4
5f3x	-48.56	77.4	70.13
2n13	-31.44	0.0	0.0
5j56	-48.49	46.6	41.01
5fr1	-31.29	59.28	46.04
5ibl	-31.07	140.31	136.84
5eof	-30.94	41.67	36.33
4ww2	-30.87	56.56	51.97
5sws	-25.82	48.25	43.46
2n73	-37.07	28.48	30.75
5hps	-37.05	51.27	47.68
5kvf	-42.78	19.44	17.51
5m72	-42.7	34.63	28.34
5hxb	-36.87	116.71	107.83
5men	-25.5	57.8	47.5
5dc4	-42.56	19.35	19.6
5kve	-42.56	25.98	19.35
5imt	-36.73	41.03	40.35
5hys	-59.42	70.44	62.6
5jdo	-48.65	87.82	74.91
5f3b	-65.77	26.27	20.69
5d7j	-31.52	32.65	27.58
4wwk	-30.81	63.2	46.39
5drz	-47.7	43.46	41.42
5fug	-47.7	56.13	54.84
5ksa	-30.41	45.39	35.92
5eib	-30.36	29.65	28.89
5elu	-36.43	22.44	18.89
5grj	-59.22	74.91	60.95
5kwy	-36.34	55.92	51.15
5c0c	-24.84	52.9	46.74
5ip4	-36.22	30.48	28.36
5f4e	-41.77	71.93	61.55
5fzt	-24.65	37.83	30.85
4udm	-47.93	57.52	57.63
4xxw	-30.2	54.4	45.74
5gzn	-30.07	97.11	83.92
5dmj	-47.24	56.97	43.41
5b76	-29.89	37.39	32.41
5l6y	-58.43	25.43	19.84
5hlz	-47.38	69.64	59.97
5jem	-29.8	62.76	61.25
5foa	-29.76	124.51	91.27
5eu6	-29.68	56.38	45.49
5eql	-40.91	70.89	56.44
5fcu	-46.93	44.67	38.55
5fv2	-63.61	110.31	103.59
5jze	-29.26	24.45	22.15
5c07	-29.28	51.33	45.87
5c08	-29.15	55.42	48.11
5ij0	-29.12	74.92	73.27
5ixd	-40.82	97.35	80.13
5b64	-40.84	83.87	69.96
5igx	-35.09	105.49	95.81
5j4a	-40.77	36.82	33.49
5itz	-40.67	46.88	47.67
5ioh	-34.87	29.71	33.43
5imy	-34.87	62.96	56.45
5szj	-17.71	77.78	65.86
5d3f	-29.08	75.1	71.42
5jyl	-46.01	44.11	38.99
5kvg	-45.98	17.94	13.69
5fw5	-40.51	40.66	32.85
5d7i	-23.34	39.6	33.82
5lcv	-34.68	56.47	52.24
5t1d	-40.33	61.64	63.66
5jmc	-40.33	58.46	57.26
5lz6	-29.09	74.72	70.59
2nbv	-28.72	0.73	0.85
5lrw	-28.72	29.19	31.58
5ghw	-45.76	41.11	42.54
5hpk	-45.74	53.16	44.78
5te4	-45.69	100.31	91.4
5jke	-40.19	86.68	74.55
5jtl	-35.96	74.3	84.88
5jto	-28.3	37.99	37.83
5jtm	-27.53	37.61	37.35
5lqb	-51.37	42.7	33.68
5jtr	-31.97	37.58	36.89
5c09	-19.39	63.98	55.84
5jtp	-25.1	37.65	37.31
5swz	-25.1	72.98	65.56
5jtq	-30.81	37.62	38.5
5c0a	-18.39	68.89	60.06
5jtn	-29.09	37.37	37.24
5e6j	-28.07	79.91	69.89
5d93	-44.5	32.56	27.38
5d96	-49.41	35.05	29.75
5c67	-57.37	33.98	26.96
5jhw	-56.07	60.41	51.72
5gy2	-57.03	33.05	28.59
5v62	-45.11	40.62	51.47
5t0f	-43.02	69.05	60.95
5usl	-61.62	57.55	53.39
5nwm	-42.23	25.09	22.26
5jw9	-40.33	45.37	40.44
5mj3	-56.84	43.21	31.96
5t5b	-56.56	70.92	55.11
5gjk	-39.5	30.76	31.97
5m2j	-56.43	17.85	11.24
5w06	-56.24	43.13	33.58
5b71	-56.04	39.28	32.3
5vob	-56.07	93.46	87.51
5gzo	-38.73	69.83	52.58
5thp	-55.24	95.22	88.42
5o76	-37.68	70.0	72.53
5xot	-37.49	57.85	51.27
6b9j	-53.97	90.37	85.55
5t29	-53.77	54.5	42.48
5u4m	-53.7	76.14	67.1
5nvl	-54.35	68.25	60.08
5vey	-37.23	0.0	0.0
5vmm	-53.52	111.27	98.42
5omb	-36.34	51.12	50.07
6atk	-36.34	96.56	91.37
5kxh	-36.01	22.63	26.07
5nvk	-53.64	54.02	49.71
5vx3	-53.64	36.51	42.97
5xeq	-53.64	74.64	58.52
5lp5	-36.52	61.61	39.91
5m2i	-52.9	44.37	42.08
5wy2	-35.77	51.93	47.08
5o2u	-52.29	43.03	35.88
5wrv	-35.03	34.83	28.61
5wb7	-34.93	91.94	84.83
5jq6	-51.95	70.34	63.72
5ky5	-34.83	30.34	33.63
5wgg	-35.13	58.36	64.87
5o05	-51.89	40.46	34.81
5uk5	-34.77	94.91	83.88
5tvq	-34.56	106.35	84.37
5tuv	-34.8	71.22	56.83
5npo	-34.37	39.33	30.23
5tgh	-34.37	56.01	43.84
5n88	-34.21	19.49	20.18
5xov	-34.1	52.74	46.01
5oo6	-34.25	73.37	72.71
5tz2	-51.09	65.63	59.35
5mad	-51.13	43.44	43.9
5lgk	-33.79	36.1	24.27
5vwy	-33.6	26.19	18.38
5wt9	-50.45	44.01	32.79
5mv8	-33.41	43.92	37.38
5sxp	-33.1	20.0	17.83
5m2m	-50.36	45.74	39.26
5ush	-50.36	54.7	47.25
5xbf	-32.93	37.58	26.22
5iia	-49.9	52.83	48.68
5whk	-49.9	49.52	41.79
5tp6	-49.78	1.13	0.75
5omm	-45.56	26.03	24.97
5tru	-45.52	71.27	62.01
5nt7	-28.39	27.97	26.24
5upk	-22.73	68.83	65.69
5n4w	-45.66	190.42	216.1
5uzu	-45.66	49.6	49.77
5vt9	-45.66	26.98	22.24
5ky4	-28.54	29.21	35.92
5lhn	-45.38	63.42	58.16
5sy8	-62.5	30.07	25.71
5mjy	-28.24	36.72	42.24
5w1t	-39.67	291.64	261.28
5vkl	-39.65	45.4	56.95
5nus	-45.43	80.83	74.59
5un7	-39.5	39.71	40.3
5b3h	-39.42	61.04	58.43
5h7y	-39.4	38.77	32.98
6b3s	-45.21	73.36	63.17
5xfs	-39.26	61.75	52.03
5vwx	-44.67	50.78	43.44
5nvm	-44.83	68.68	53.18
5hyc	-27.5	55.75	55.07
5uws	-33.24	53.08	62.22
5osh	-38.93	266.17	248.21
5v5h	-38.82	29.51	29.78
5u4k	-27.53	33.06	34.36
5tfw	-61.56	60.25	45.26
5f5o	-38.76	32.87	33.64
6ba6	-21.63	0.0	0.0
5o2t	-38.68	42.1	39.6
5nqf	-38.65	27.7	38.08
5tzq	-44.5	42.38	42.86
6b08	-44.5	64.55	53.83
5ngv	-61.62	43.37	33.83
5t5w	-27.37	127.44	111.69
5nan	-44.27	168.31	171.83
5wvo	-44.23	34.11	31.2
6amb	-27.11	54.59	54.26
6b0s	-38.52	25.05	21.1
5vpl	-44.35	31.27	27.46
5uq3	-38.5	119.19	109.65
5ona	-38.46	97.57	87.85
5tl7	-15.57	64.38	57.61
5mfc	-44.2	99.87	89.39
5un5	-44.2	76.34	66.51
5vpg	-44.07	35.34	31.58
5wko	-51.37	101.55	74.03
5hu3	-34.25	49.18	43.48
5mv9	-34.25	75.26	73.16
5w6g	-32.38	85.42	82.77
5me5	-32.35	29.66	26.51
5gwp	-49.53	51.41	47.5
5gvi	-32.29	52.22	39.52
5x4l	-32.14	28.68	35.89
5swk	-31.91	32.0	24.93
5vx2	-49.1	46.56	40.03
6bit	-49.0	57.26	52.58
5mn2	-31.88	80.28	74.98
5m36	-31.74	78.97	93.42
5h07	-31.68	54.56	38.16
5tzt	-48.76	66.53	60.13
5wb8	-31.69	53.29	58.92
6b6u	-26.81	17.92	0.0
5uwq	-26.82	48.41	55.89
5ml9	-38.03	49.65	47.55
5v5v	-43.82	114.93	122.32
5vx0	-26.7	24.38	26.83
5mtn	-43.54	79.67	67.91
5toj	-43.6	94.5	85.98
5odw	-54.91	37.84	44.56
5y11	-43.3	27.73	22.46
5u4y	-43.39	52.61	40.02
5ua4	-43.29	39.71	31.82
5w8t	-26.07	84.42	72.87
5wux	-60.29	87.46	78.1
5tte	-37.47	120.9	97.93
5u52	-43.2	37.79	37.96
5t6l	-60.19	53.27	40.38
5y4r	-43.06	57.42	50.03
5j11	-43.02	88.51	77.65
5mak	-60.15	63.12	54.08
5ma5	-60.15	45.13	37.83
5knm	-32.53	189.15	197.87
5mk0	-31.44	30.86	43.4
5w3x	-31.23	42.62	44.22
5oob	-31.29	74.38	72.67
5imm	-48.26	13.34	9.79
5ohp	-31.14	47.6	39.67
5l21	-48.13	35.55	31.73
6b0a	-48.13	80.52	67.36
5v52	-31.0	71.11	68.34
5x0w	-31.0	90.72	79.29
5my6	-47.94	49.03	34.35
5o2s	-48.0	84.14	80.2
5o4e	-48.0	79.13	61.04
5uwo	-31.52	47.2	57.36
5ma6	-54.33	84.35	79.19
5gwo	-42.94	59.37	54.21
5tzp	-42.94	18.75	18.81
6b0g	-42.86	26.93	20.79
5mtj	-36.93	33.22	30.08
5oc7	-42.7	43.88	37.76
6azp	-42.55	41.96	42.69
5v69	-42.49	38.22	38.17
5wos	-36.83	58.14	54.23
5ma3	-59.48	42.45	37.42
5jds	-48.65	25.55	17.97
5y1z	-30.63	57.81	54.08
5xjg	-30.51	47.41	41.57
6b0e	-42.16	136.81	114.58
5wuj	-36.38	39.22	32.98
5mu3	-42.05	65.68	63.33
5nnp	-41.83	55.94	45.24
5uwu	-30.46	45.54	55.29
5v5i	-36.15	38.83	34.1
5gtb	-24.76	46.98	46.48
5ohm	-58.95	126.41	107.5
5vko	-47.93	44.46	49.47
5tzn	-29.89	39.7	35.62
5ky9	-29.85	57.42	73.86
5ufe	-41.66	22.36	18.28
5nqg	-41.67	49.4	57.79
5ma4	-58.7	27.07	19.68
5v6a	-41.52	57.34	59.3
5nvn	-41.44	30.91	33.42
5tl6	-24.2	49.27	43.41
5oaq	-41.3	29.25	29.56
5ufq	-46.77	42.15	38.69
5ky0	-29.61	29.75	38.7
6azz	-46.65	46.55	32.05
5o03	-41.22	63.24	66.55
5j13	-58.34	56.93	49.86
5vcb	-41.14	255.91	275.47
5twa	-40.98	19.55	15.03
5uwh	-35.24	48.9	59.58
5w0k	-40.88	67.69	55.31
5mtm	-46.55	68.33	64.09
5xsq	-46.42	57.53	55.2
5lpu	-29.15	74.51	80.43
5xv8	-40.79	0.0	0.0
5vxz	-69.31	61.83	59.2
5o0w	-57.83	51.93	51.03
5tez	-23.51	24.03	20.78
6b12	-46.18	31.59	31.31
5ffo	-46.15	216.65	189.93
5xco	-45.95	18.97	19.1
5imk	-34.65	18.59	18.15
5vz4	-46.21	57.45	46.4
5jw7	-28.77	93.21	88.02
5jjd	-28.75	49.71	44.37
5vag	-45.81	45.16	37.56
5omn	-45.79	68.22	62.69
5xxy	-45.67	50.29	47.31
5nh3	-51.44	38.78	32.06
5v5g	-45.92	44.28	42.9
5ivx	-35.77	53.01	41.61
5o74	-28.54	77.44	71.43
5ezo	-51.37	70.53	60.18
5x60	-42.94	76.46	80.42
5h6q	-41.22	72.76	75.52
5ovw	-51.52	102.72	106.58
5l6n	-48.6	29.66	28.02
5uul	-47.48	22.01	21.05
5gim	-52.87	25.1	25.24
5h6r	-29.68	77.63	85.89
5otx	-40.12	28.13	22.84
5w89	-45.11	31.31	29.48
5yqz	-47.9	128.65	115.84
6dnq	-42.1	68.59	64.74
5w08	-42.23	60.37	48.23
6c48	-42.23	31.64	28.57
6dmx	-39.72	98.55	95.09
6h6y	-55.87	25.98	24.15
5otj	-55.76	32.91	27.07
5g15	-38.64	34.3	32.35
5vyf	-55.53	60.04	51.68
6ehg	-54.91	113.72	85.11
5yir	-54.61	49.62	49.09
6mkz	-55.36	85.15	78.63
6ath	-54.12	27.95	38.13
6hul	-37.23	54.45	53.21
6ddm	-53.52	19.31	17.18
6aqr	-36.34	34.63	32.64
6bli	-52.99	23.63	21.28
5wpa	-35.73	57.61	53.24
5xj4	-52.37	42.52	26.06
6b3m	-52.3	61.87	35.41
6a7v	-52.64	39.47	38.84
6g04	-35.13	0.0	0.0
6ejg	-51.89	48.01	49.4
6hpr	-34.71	26.21	23.2
6bck	-51.74	50.78	49.86
6ejm	-51.74	38.52	34.17
6bkc	-51.92	49.0	43.18
6h9n	-34.8	82.12	81.93
6ddr	-51.52	33.16	28.5
6fg8	-34.3	21.1	18.31
5y9j	-51.38	37.48	34.65
5z78	-34.51	39.35	41.67
6a67	-51.36	48.75	40.83
6cql	-33.88	53.48	44.41
5bk1	-51.13	38.89	35.39
5o90	-34.01	88.02	95.86
6co2	-33.79	41.65	32.87
5nqw	-50.54	111.08	101.75
6dcn	-33.41	57.81	60.44
6bkb	-50.36	67.48	62.13
6f9s	-33.05	71.3	62.93
5xda	-33.08	48.68	47.76
6fv0	-32.9	66.16	52.97
5nzz	-32.93	61.05	69.99
6brs	-32.93	54.66	62.14
5yi8	-32.79	30.84	30.5
6b05	-32.66	38.05	47.05
6arq	-28.49	45.83	28.11
6cqr	-28.4	82.96	71.68
5w9a	-22.76	86.3	75.47
5oen	-45.66	42.54	41.92
6bkd	-39.65	69.54	62.78
5xqz	-28.03	41.35	37.61
6ff3	-44.9	60.9	64.41
6e3j	-44.83	26.56	24.33
6bxc	-45.01	68.45	54.58
6mlk	-45.01	70.66	61.08
6cqn	-27.65	50.36	40.2
5xwt	-27.63	136.87	124.46
6asr	-27.55	38.45	40.92
5uv8	-39.11	43.83	40.13
6bx5	-44.83	86.7	79.48
6bb4	-44.59	36.8	32.19
5nt1	-27.36	82.25	63.83
5w1m	-44.45	33.47	34.03
6ii4	-44.41	128.71	121.9
6fq0	-38.79	49.87	44.84
5xmh	-21.67	52.19	46.81
6aaf	-38.77	78.19	88.18
6aod	-55.88	37.26	33.95
5uwc	-44.23	71.29	64.36
5nl1	-38.58	68.92	62.77
6flc	-38.54	36.47	31.35
6bf4	-38.52	90.87	69.12
5xj3	-44.18	69.26	57.73
6e2p	-26.99	106.3	114.28
5yc5	-38.5	55.54	58.85
5utz	-49.81	57.84	51.15
5yoy	-61.33	77.92	64.35
5nmv	-51.37	33.43	27.89
6flb	-51.37	43.49	35.06
6a3w	-49.3	30.9	25.18
5ock	-32.18	15.92	12.97
6mft	-32.18	81.01	74.11
5xln	-31.99	29.55	25.41
5u8q	-32.08	177.43	156.58
6isc	-32.08	45.91	36.39
5vu0	-49.1	47.97	45.94
5ywp	-48.72	105.0	109.41
6i3f	-43.91	43.68	39.06
6fc3	-43.94	30.88	24.09
6eyo	-61.07	93.59	65.85
6b8n	-38.11	61.51	52.7
6bx4	-38.11	74.7	70.53
5mr4	-38.0	54.26	40.43
6mhr	-43.71	78.63	70.81
6h0e	-37.78	37.66	36.27
6gbu	-37.7	150.17	161.06
6imf	-43.49	35.73	30.29
6byh	-43.39	66.77	63.11
5xiu	-26.27	20.06	22.84
5ydr	-26.13	44.11	49.15
6cmg	-43.16	47.51	40.29
5xod	-43.1	60.94	63.42
5xnp	-37.39	132.97	130.12
5xis	-20.25	47.67	46.95
6d01	-37.35	81.54	73.29
6fub	-43.02	20.98	15.77
6cwt	-66.77	120.38	112.75
6fuz	-31.37	113.2	115.72
6e3i	-48.48	31.52	27.52
6e62	-48.49	107.62	87.19
6ce9	-48.26	194.83	189.1
5oy9	-30.97	156.4	160.42
5yip	-48.13	37.6	39.85
6e63	-48.13	38.05	32.43
6gd5	-48.06	0.0	0.0
6bmt	-37.15	56.77	57.7
6fc2	-31.21	50.09	46.78
5mzv	-42.49	85.55	73.18
5nx3	-59.61	34.94	30.77
5kof	-25.26	61.77	72.11
6ii8	-36.61	71.15	65.98
5ywr	-42.29	23.03	17.0
6fp7	-48.65	33.83	28.63
6blh	-47.87	29.4	23.62
5yis	-47.81	44.66	42.68
6bw9	-47.7	17.77	12.73
6h6z	-47.6	48.38	45.98
6fu9	-47.53	22.44	18.21
6avg	-25.07	39.52	30.35
6f3z	-36.49	47.16	44.08
6bxa	-42.23	64.45	68.26
6gbg	-36.41	71.9	66.43
6c16	-36.39	91.84	90.83
6h71	-42.02	57.76	55.46
5w42	-41.97	136.08	131.51
6fgo	-36.28	65.16	57.63
5vzm	-24.61	0.0	0.0
6fhp	-41.77	23.6	23.58
6h06	-29.98	55.77	54.29
6ddv	-47.02	38.1	34.73
5xwd	-46.97	92.84	82.17
6g10	-46.97	22.89	20.94
6dsl	-53.09	0.0	0.0
5nx1	-47.24	41.8	36.63
6a0z	-41.53	49.1	34.45
5zxv	-41.32	308.02	329.89
6aw2	-41.35	63.74	55.68
6ewb	-41.26	59.1	55.74
6fgb	-58.38	50.41	41.91
5n48	-47.38	22.79	21.41
5ywo	-46.72	97.24	94.97
6cqq	-29.46	54.09	45.99
6mgp	-35.2	69.93	63.48
6gbh	-40.87	94.22	88.62
6mi2	-40.87	86.24	72.38
5oyl	-29.25	53.32	38.39
5yr0	-29.22	22.97	19.92
6and	-46.28	22.1	20.28
6ani	-46.28	40.25	37.05
6fud	-40.73	21.83	16.28
6eg1	-23.49	55.51	44.31
6eg0	-23.46	69.32	63.02
5n47	-46.55	99.36	78.6
6cbp	-29.42	38.04	28.7
5mr5	-40.51	32.35	24.84
5n7w	-40.51	53.14	40.81
6a3v	-40.34	59.21	54.26
5wi9	-57.45	48.13	48.49
5vmo	-34.54	29.3	27.09
5xoc	-29.09	71.52	57.28
6d13	-45.84	98.67	86.91
6fe4	-45.76	119.71	114.7
6bva	-40.19	69.54	66.4
6ana	-45.92	19.33	17.56
6ch3	-28.54	78.73	62.96
6ch2	-25.9	99.79	93.73
6eyd	-40.22	94.24	79.61
5mrv	-30.94	27.11	27.07
6gfi	-53.12	82.0	70.78
5zvm	-39.83	112.85	98.43
6oao	-51.88	87.5	81.44
6d68	-39.4	67.27	60.09
6oan	-49.16	79.83	61.32
6d4p	-42.74	57.04	50.26
6dgf	-47.51	30.29	27.73
6sak	-42.86	57.69	58.84
6f0g	-41.44	38.41	38.07
6cwg	-57.03	79.86	74.87
6nmv	-56.56	67.66	58.55
6jb8	-56.45	28.86	23.89
6nmt	-55.88	39.05	34.99
6j4s	-38.79	42.84	44.71
6nr8	-38.79	415.76	405.52
6q69	-38.64	71.84	69.28
6nmr	-55.58	47.99	44.29
6f0f	-38.5	39.7	36.17
6mvl	-38.5	31.97	27.76
6ird	-38.11	28.72	28.43
6dld	-54.91	123.34	96.77
6p7s	-54.91	49.34	49.85
6n85	-37.78	58.45	48.37
6o1f	-54.81	45.62	39.5
5zqv	-37.59	118.3	151.86
6jcs	-37.34	39.67	30.24
6ndz	-55.36	73.5	61.95
6jbt	-54.16	37.81	31.22
6u2h	-54.12	95.81	87.48
6qmq	-36.71	68.61	60.79
6j6y	-54.35	69.55	63.53
6j7w	-54.35	58.84	51.8
6nmu	-53.48	40.94	32.44
6n5w	-36.28	60.04	51.17
6nms	-53.3	56.03	50.76
6q0o	-36.52	78.94	66.18
6p7y	-52.81	63.67	66.16
6kbm	-35.51	49.58	36.66
6qj4	-35.39	210.42	212.5
5z2w	-35.24	84.61	63.65
6j56	-35.24	30.99	26.68
6q18	-35.51	47.64	42.92
6r2g	-69.18	51.02	42.38
6qmp	-35.13	66.24	60.33
6k0y	-51.65	17.63	14.01
6gho	-34.8	46.76	43.36
6fg1	-51.63	39.26	35.34
6gku	-51.63	38.16	32.28
6iu7	-51.63	36.4	29.95
6mud	-34.2	74.12	66.29
6jep	-51.22	36.58	31.57
6qms	-34.06	50.76	46.1
6c83	-34.25	73.5	73.59
6qb6	-33.92	47.4	37.05
6plk	-51.02	44.92	39.84
6nha	-50.94	60.49	51.19
5xkj	-34.01	55.54	56.3
5zo2	-34.01	65.37	66.49
6og4	-50.74	32.0	26.25
6mnr	-50.92	45.74	38.42
5z7l	-33.79	32.99	31.04
6gum	-33.79	37.42	32.95
6in9	-33.79	30.77	28.36
6e4z	-50.72	63.86	55.22
6ne2	-50.72	23.17	20.13
5xjo	-33.6	41.75	39.43
6kbn	-33.31	101.19	95.02
6msl	-50.54	61.53	47.06
6ne1	-50.54	74.89	66.03
6j14	-50.3	19.43	12.36
6ne4	-50.2	28.48	24.81
6uys	-33.08	29.72	28.11
6o39	-50.05	36.7	29.83
6ob1	-32.93	37.42	37.74
6moe	-49.79	68.17	57.35
6o3o	-32.79	62.3	52.39
6q0h	-32.79	99.61	83.46
6cxg	-49.78	32.26	27.57
6m7l	-28.44	73.21	74.39
6ire	-45.52	119.17	115.37
6mnq	-45.45	26.52	22.87
6fpg	-39.91	40.38	38.46
6h47	-45.66	30.94	26.01
6i07	-45.66	94.8	66.12
6on9	-28.54	51.15	47.44
6cug	-28.26	32.46	28.88
6fg2	-62.55	56.75	53.98
6ivu	-62.55	0.0	0.0
6o8b	-28.3	137.65	128.0
6oor	-45.11	59.69	51.64
6h15	-45.05	47.55	43.34
6iwa	-39.38	58.57	59.58
6m9k	-28.09	32.01	28.5
6oro	-28.09	75.8	69.09
6iw0	-44.92	43.99	39.25
6mss	-27.6	40.72	36.05
6dc9	-44.62	59.49	56.31
6isu	-38.79	38.93	34.83
6mba	-44.35	56.5	36.4
6o07	-44.35	56.36	49.13
6iwd	-44.18	27.34	24.53
6ieb	-44.14	43.55	40.2
6j4o	-44.2	36.0	34.23
6jhw	-44.2	46.3	42.7
6phb	-44.04	34.34	29.05
6tzc	-32.55	48.24	40.75
6p50	-51.37	70.55	66.74
6mun	-34.25	0.0	0.0
5z7g	-32.47	62.67	55.45
6iua	-49.65	31.26	26.17
6gvk	-32.53	44.85	39.72
6uyu	-32.53	28.09	25.13
6qb3	-32.1	36.69	24.52
6cxl	-49.2	89.61	86.05
6hhc	-49.2	39.94	25.94
6phd	-49.1	59.29	50.24
6fto	-49.0	37.05	36.21
6umt	-49.0	50.53	44.75
6h2y	-48.91	43.63	35.11
6k7o	-48.73	62.48	56.55
6d7g	-31.61	66.46	63.72
6jdj	-38.24	42.41	40.34
6r2s	-61.07	115.38	105.71
6dfs	-26.65	69.76	62.42
6dc8	-43.76	24.33	21.59
6j9l	-32.39	27.15	26.21
6nfj	-38.1	80.91	83.75
6nuc	-43.82	37.21	40.17
6nuf	-43.82	28.39	31.09
6k06	-37.92	36.46	32.3
6ous	-60.83	80.86	77.32
6a78	-37.79	27.0	22.42
6nrw	-26.47	53.66	47.01
6ilm	-37.76	49.08	37.61
6a6x	-43.31	43.2	45.45
6cxf	-37.66	43.39	38.52
6gjq	-43.39	50.61	49.19
6im9	-43.39	70.27	69.97
6j11	-43.39	64.44	54.97
6gwc	-37.49	70.63	63.23
6pxh	-43.11	42.77	35.89
6oqq	-43.11	50.49	62.66
6iea	-37.27	36.72	28.72
6jb2	-37.27	16.12	15.05
6pnp	-37.24	85.62	58.14
6oc3	-49.65	73.57	63.01
6osw	-32.53	0.0	0.0
6nzu	-31.27	36.72	30.11
6idx	-31.24	26.9	23.83
6jjp	-48.23	55.17	49.42
6ov2	-48.21	145.74	124.65
6e4y	-30.94	71.29	63.17
6n6r	-30.94	37.74	28.61
6f2g	-48.0	119.12	98.36
6obn	-42.91	61.8	57.91
6mc9	-37.19	145.6	124.29
6h46	-42.94	35.44	32.17
6orq	-42.94	142.61	135.87
6h16	-42.79	114.38	94.39
5ymy	-42.69	0.0	0.0
6iw8	-36.98	81.81	78.45
6fbx	-36.9	44.41	47.49
6dc3	-42.63	131.24	122.57
6oy4	-42.56	44.62	30.31
6a6i	-25.36	44.29	41.74
6gtq	-36.73	65.05	67.31
6h3u	-42.49	111.47	99.74
6ilk	-36.68	34.19	34.75
6j5f	-36.58	23.36	16.01
6f0h	-48.65	25.1	21.3
6o3b	-47.64	41.87	35.01
6phc	-47.59	67.86	60.18
6r8x	-64.66	26.86	22.23
6otc	-47.43	21.11	14.98
6her	-42.23	20.32	17.71
6s8s	-36.46	38.97	41.07
6j9h	-42.1	55.74	48.86
6oqk	-42.1	10.0	10.0
6gvl	-24.87	64.17	58.49
6j5d	-41.91	23.1	14.99
6pnq	-41.72	40.23	24.34
6rhw	-47.93	67.18	60.63
6thg	-47.93	152.11	140.7
6o3a	-47.28	39.32	32.66
6km7	-30.16	30.79	34.54
6i2m	-47.23	73.24	79.52
6h3t	-47.19	87.19	76.96
6u8c	-41.67	50.08	45.84
6er6	-41.62	30.38	22.3
6um5	-35.81	32.21	48.84
6uvo	-52.72	63.3	59.18
6ihb	-41.35	33.55	23.61
6s53	-30.26	79.05	68.35
6jo8	-29.8	202.1	184.96
6k4k	-46.73	68.14	72.16
6akm	-29.46	67.13	50.98
5zau	-41.22	10.0	10.0
6dkj	-58.3	25.52	21.83
6rhv	-41.1	60.29	63.58
6o60	-40.87	55.37	58.31
6s29	-46.29	31.18	31.24
6ppg	-63.41	57.62	51.2
6mm6	-23.59	42.22	45.2
6ere	-40.73	31.01	28.14
6iec	-34.98	73.33	64.64
6a79	-46.15	29.13	24.18
6jjw	-46.15	46.04	37.95
6p67	-46.01	90.18	71.95
6kbr	-63.07	10.67	8.98
6j9m	-40.48	54.36	48.86
6nk7	-40.39	359.75	388.16
6dca	-40.37	36.49	33.39
6jwj	-40.34	33.48	33.44
6oel	-34.56	76.64	68.42
6plm	-40.23	64.52	76.86
6czo	-40.24	65.76	78.66
6msu	-45.87	59.05	43.51
6pdx	-62.85	140.37	141.14
6ivz	-45.74	41.42	30.73
6ib8	-40.11	30.88	37.0
6oqj	-45.92	15.0	15.0
6uda	-45.92	33.66	40.22
6saz	-56.24	81.54	75.08
6ht9	-57.08	100.91	92.79
6dwh	-55.36	32.52	23.61
6bx8	-38.24	29.46	23.63
6dwf	-50.72	25.9	16.39
6n9d	-61.36	55.25	52.01
6mav	-59.79	77.56	69.46
6har	-58.3	18.96	15.12
