PDB_ID	Î”G_kJ/mol	Avg_Bfactor_Total	Avg_Bfactor_Interface	complex_count
1fc2	-43.65	28.67	30.9	251
3sgb	-61.34	14.02	10.53	235
2tgp	-32.08	17.1	15.16	281
2ptc	-75.47	24.28	20.35	281
2sni	-66.77	12.83	10.02	339
1atn	-53.35	27.34	14.28	629
1gla	-38.5	27.93	26.13	650
1acb	-55.36	30.07	28.18	304
2pcc	-33.08	32.97	41.17	804
2pcb	-28.54	33.6	39.56	692
2sic	-57.92	20.43	18.44	382
2cpk	-49.3	19.17	14.47	353
1brs	-79.26	26.32	21.35	588
2btf	-32.18	20.25	17.4	512
1ppe	-65.77	14.26	9.75	252
1smf	-39.5	7.29	5.46	232
1rlb	-34.8	29.31	24.67	834
1mah	-60.51	35.44	28.9	594
1efn	-36.64	33.27	32.24	322
1ak4	-27.22	21.72	20.72	618
1gua	-42.23	18.68	13.42	243
1ycs	-42.94	53.4	56.53	384
1dhk	-59.68	17.94	16.06	690
1dfj	-75.51	49.29	50.33	580
1fle	-46.93	23.39	22.84	287
1b27	-79.91	27.76	23.42	587
1a22	-54.04	30.75	28.43	372
1b2u	-39.95	28.05	22.77	587
1xdt	-45.66	37.79	30.95	559
1b3s	-56.69	33.9	30.14	587
1axi	-44.83	27.73	30.17	366
1avz	-27.4	37.17	36.63	260
1a2k	-38.95	39.16	34.26	848
1b2s	-55.96	21.63	18.12	599
1wq1	-27.22	38.56	27.75	486
1avx	-75.47	26.56	16.67	395
1buh	-40.6	24.28	20.02	357
1an1	-51.63	26.46	21.59	262
1ldt	-49.91	20.07	16.65	269
1fmo	-49.3	42.29	32.17	356
1azz	-53.04	20.69	17.61	727
1bvn	-63.05	26.44	26.88	567
1ugh	-64.05	41.04	41.52	305
1vpp	-30.75	24.45	23.47	224
1b6c	-37.4	37.32	34.63	1732
1ibr	-54.35	41.84	32.11	1234
1flt	-50.61	30.61	32.06	382
1uug	-33.6	26.76	21.54	607
1lfd	-32.66	24.0	18.63	508
1kac	-44.69	44.89	42.59	309
1sbb	-22.0	41.99	38.43	950
1eer	-51.37	34.16	23.51	592
1tba	-51.37	0.0	0.0	247
1ay7	-34.25	22.72	18.59	185
1cn4	-34.25	41.02	18.86	589
1qa9	-34.25	77.02	76.34	394
1grn	-36.59	30.46	29.47	388
1vrk	-46.62	29.73	26.84	167
1cmx	-32.93	54.71	50.45	515
1es0	-42.23	36.33	30.59	372
1fg9	-57.08	60.66	51.17	862
1g9i	-39.5	20.88	28.75	245
1d6r	-56.43	21.65	15.71	281
1e4k	-32.93	95.36	77.44	604
1qty	-62.78	63.56	61.7	757
1du3	-44.51	25.51	28.15	1490
1e96	-31.78	29.95	21.98	363
1ees	-43.94	10.0	10.0	224
1emv	-77.74	26.43	23.36	214
1djs	-42.16	29.34	25.77	336
1dzb	-35.87	31.98	23.16	706
1f3v	-29.15	34.95	28.67	322
1g6v	-40.77	10.64	14.98	382
1clv	-51.37	18.22	17.59	502
1ezu	-57.63	44.29	37.97	726
1ezs	-55.62	38.38	30.61	696
1dp5	-51.63	26.34	26.03	360
1c9t	-51.37	19.7	13.62	1656
1c9p	-51.37	22.12	23.08	272
1dpj	-48.65	23.66	24.33	358
1fy8	-28.8	15.41	11.37	271
1i4e	-39.5	62.26	62.04	536
1f34	-57.08	41.82	33.26	463
1i8l	-38.24	71.81	51.62	634
1g5j	-52.64	1.36	1.22	200
1e6e	-34.62	29.4	34.1	1132
1ffw	-33.79	47.58	49.07	392
1gcq	-27.25	17.37	16.3	182
1e3u	-34.25	17.92	18.63	970
1i2m	-66.22	35.47	31.58	1107
1he8	-31.97	70.41	63.5	915
1hcf	-54.71	46.03	43.56	444
1ewy	-31.09	50.1	71.16	704
1ib1	-19.73	16.29	14.73	1620
1j7v	-59.68	50.36	41.04	355
1i4d	-31.52	56.78	43.97	550
1i5k	-42.1	40.77	36.94	211
1jiw	-65.06	18.41	12.72	575
1j7d	-32.53	32.42	31.6	289
1jtg	-56.84	23.77	21.43	853
1gl1	-56.43	31.54	31.19	817
1gl0	-51.92	24.51	40.83	273
1eja	-51.37	31.17	39.15	276
1f7z	-28.01	17.6	13.36	269
3tgk	-28.09	15.48	11.69	273
1jtd	-60.3	18.85	16.37	535
1f5r	-23.9	19.21	15.49	273
1gpw	-44.07	58.38	52.2	1360
1lzw	-36.99	46.84	39.54	237
1l2w	-54.35	48.16	50.33	1172
1go4	-34.15	63.93	54.45	1146
1jwh	-45.09	91.62	93.07	1075
1l4z	-38.28	51.75	46.44	373
1l4d	-38.28	28.65	26.35	361
1kxp	-51.37	37.25	27.1	787
1mxe	-68.49	16.46	14.78	338
1k93	-43.94	91.81	92.76	1884
1ktk	-26.82	76.03	77.09	1200
1kxt	-37.84	15.75	17.92	1857
1kgy	-43.39	43.28	42.37	1276
1kxv	-43.39	16.87	15.61	1232
1lj2	-26.08	28.7	33.43	265
1ktz	-37.31	44.74	36.37	188
1lw6	-66.77	10.33	9.8	344
1kxq	-48.26	16.43	15.55	2464
1kbh	-42.63	10.0	10.0	106
1h59	-42.42	36.98	29.78	99
1gng	-42.29	53.58	51.0	757
1kkl	-41.93	51.98	53.15	762
1eaw	-58.81	14.47	11.25	594
1lqs	-47.93	52.14	42.57	697
1gxd	-47.28	37.74	51.79	1631
1m10	-47.01	52.23	42.18	466
1jsp	-24.55	0.0	0.0	140
1l0x	-29.8	40.2	29.15	914
1l8c	-46.55	0.0	0.0	146
1m1e	-51.37	35.4	39.17	577
1l0y	-29.8	38.96	28.09	913
1jgn	-36.85	0.0	0.0	120
1ogy	-53.09	43.14	38.01	7336
1op9	-52.25	16.27	12.71	251
1p27	-52.25	22.52	20.68	472
1lx5	-50.92	68.76	62.92	198
1p3q	-33.79	28.26	34.43	224
1j2j	-33.41	15.37	12.68	206
1jh4	-33.24	0.0	0.0	120
1mzw	-32.57	12.94	10.94	204
1oqe	-39.74	40.45	54.4	1681
1nys	-45.66	76.94	65.4	343
1nyu	-45.66	95.7	78.97	320
1p9d	-27.91	0.0	0.0	110
1uad	-39.17	45.5	36.61	530
1otr	-21.74	0.0	0.0	125
1pjm	-38.5	46.53	45.36	447
1o9a	-34.25	0.0	0.0	117
1m5n	-49.53	61.37	60.95	513
1psb	-26.82	0.0	0.0	234
1pjn	-43.71	51.37	53.9	447
1h1v	-43.6	28.81	15.94	695
1q0w	-20.31	0.0	0.0	100
1r0r	-60.11	15.67	15.28	325
1lp1	-32.53	60.87	57.97	109
1ozs	-25.73	0.0	0.0	93
1mq8	-31.52	67.02	47.99	722
1q68	-36.52	0.0	0.0	67
1oey	-47.93	18.05	13.45	696
1h0t	-29.8	0.0	0.0	116
1pvh	-40.51	53.74	39.5	740
1q69	-34.51	0.0	0.0	48
1oc0	-51.37	26.5	25.4	401
1nvu	-31.07	35.09	37.75	801
1nf3	-41.67	28.38	23.87	634
1oph	-47.38	41.48	32.32	598
1nw9	-45.01	49.22	49.08	329
1pxv	-54.27	32.46	26.12	588
1mcv	-40.0	12.75	10.41	268
1oyv	-45.92	32.1	33.95	652
1rpq	-44.5	69.33	52.4	746
1xxf	-39.95	47.89	47.14	750
1rv6	-39.16	11.65	9.22	373
1xx9	-50.36	39.21	36.01	749
1xu1	-48.69	19.24	16.81	524
1xxd	-37.23	40.9	41.43	747
1ry7	-37.89	40.42	22.87	364
1u0s	-37.89	26.9	27.25	204
1xqh	-38.24	6.77	9.05	510
1pd7	-37.23	0.0	0.0	109
1xd3	-37.23	16.56	15.42	606
1t6b	-53.64	22.35	20.52	846
1us7	-32.79	36.57	22.33	401
1xr0	-28.54	0.0	0.0	151
1sv0	-45.4	39.71	32.59	319
1vet	-45.05	39.29	33.44	240
1veu	-45.05	31.1	26.59	237
1q5w	-22.26	0.0	0.0	107
1tdq	-45.21	34.09	24.46	397
1r8u	-45.01	0.0	0.0	150
1syq	-44.71	55.18	46.92	284
1sb0	-27.53	10.0	10.0	112
1tzn	-55.76	65.12	88.5	10262
1sg1	-38.42	50.28	43.01	361
1t44	-34.25	16.54	17.21	502
1th1	-49.53	49.54	53.26	1127
1xt9	-38.24	35.22	28.83	284
1vyt	-43.94	51.79	47.37	611
1w1w	-20.46	66.37	61.94	1539
1u7v	-37.26	67.79	73.74	598
1usu	-31.29	48.65	47.85	378
1usv	-31.29	54.66	58.57	1569
1uel	-31.21	0.0	0.0	143
1tlh	-20.11	0.0	0.0	157
1sq0	-42.94	40.53	37.59	463
1p6a	-42.56	44.73	39.81	309
1rkc	-42.29	113.85	124.67	284
1t01	-42.29	47.73	42.84	279
1oyh	-42.1	55.16	50.9	826
1rke	-41.67	56.48	51.38	438
1u7f	-41.3	64.39	71.02	583
1vg0	-47.38	31.93	28.38	663
1ty4	-46.77	43.82	37.79	362
1s4y	-46.59	32.75	30.31	393
1u0i	-40.84	36.97	36.55	42
1p69	-40.63	17.69	15.43	309
1shy	-40.22	55.95	52.83	727
1s1q	-18.84	30.66	28.33	418
1nm5	-41.22	43.36	37.31	892
1tm7	-65.53	17.35	18.11	345
1tm1	-65.77	16.03	17.76	345
1tm5	-61.47	15.03	16.57	345
1tm3	-61.19	15.25	17.08	345
1tm4	-56.43	18.85	20.88	345
1to1	-53.29	16.59	17.88	345
1uuz	-43.39	26.47	23.58	517
1te1	-48.34	27.73	22.42	464
1ta3	-45.92	10.73	9.55	575
1zjd	-52.48	61.84	53.48	294
1yc0	-49.65	28.04	18.11	313
1vyh	-40.51	17.43	17.51	5280
1z7x	-88.68	27.19	32.16	1172
1zhi	-38.24	59.99	40.64	320
1r6q	-36.99	27.47	33.69	471
1wlp	-35.35	1.7	0.8	163
1zm4	-34.3	52.23	33.1	3087
1y8n	-33.86	62.34	56.72	471
2c1m	-51.13	43.18	47.53	470
1ydi	-49.94	14.55	15.32	280
2b4j	-45.45	36.81	33.31	444
2b0z	-22.83	28.77	25.49	402
1v18	-45.66	47.18	46.92	544
1z92	-45.66	80.93	80.65	244
2ajf	-45.66	90.96	83.61	1542
2b10	-28.54	19.13	23.7	804
1wa8	-45.43	0.0	0.0	194
1x1y	-27.95	29.25	24.93	594
2a7u	-39.5	0.98	0.66	127
1x1u	-44.97	36.32	29.31	596
1wdw	-44.77	72.13	80.56	3760
1wr1	-27.57	0.0	0.0	134
1t63	-27.53	37.92	48.07	264
1x75	-44.27	39.15	30.76	451
1y6m	-38.6	75.73	72.81	346
1yd8	-21.36	46.51	43.59	332
1y6k	-51.37	54.17	46.42	350
1yru	-51.37	34.75	30.72	420
2bp7	-51.37	35.93	30.23	2980
2c1t	-49.65	52.96	51.96	921
2byk	-32.18	66.1	59.63	319
2bym	-32.18	38.31	33.35	298
2be6	-48.97	31.55	31.85	483
1ri8	-48.73	15.94	12.68	253
2b12	-26.82	5.58	3.04	402
2bqz	-26.82	12.29	12.25	340
1wr6	-20.76	52.23	50.86	641
2aw2	-43.39	64.29	60.43	417
1t0p	-26.27	21.91	19.56	260
1x1w	-43.26	37.24	30.63	596
1y6n	-43.2	43.08	37.03	339
1vrc	-25.95	0.2	0.69	428
1t5z	-25.58	39.2	54.2	261
1yx5	-19.73	0.0	0.0	188
1xj7	-25.16	56.74	76.19	265
1u5s	-14.4	0.82	0.58	137
1shz	-31.52	57.69	52.57	1037
1wrd	-19.34	24.22	21.99	174
1zc3	-42.1	35.56	30.79	564
1zc4	-42.1	43.46	34.5	572
1x1x	-41.53	34.73	27.6	596
1pk1	-41.48	25.51	21.13	267
1xg2	-47.38	17.07	15.36	468
1y76	-30.26	0.0	0.0	244
2b11	-30.26	41.68	42.71	804
1xqs	-29.61	68.89	56.46	858
1ul1	-41.22	59.1	50.7	1743
2a78	-41.22	16.62	12.52	377
2a9k	-41.22	20.57	16.87	377
2c5d	-46.93	62.86	46.83	1146
1zsg	-29.25	0.0	0.0	87
1zmy	-46.34	33.28	32.76	391
1z0k	-29.19	31.72	31.27	459
1yx6	-23.61	0.0	0.0	188
1rjc	-57.72	15.53	14.09	252
1wve	-46.55	21.36	18.46	1180
1wqj	-34.61	28.19	26.44	142
1wa7	-28.64	0.0	0.0	82
1y3c	-60.51	15.85	16.38	345
1y3b	-54.27	15.93	17.15	345
1y1k	-54.35	16.55	18.04	345
1y34	-52.99	14.63	15.82	345
1y3d	-52.81	17.92	18.74	345
1y4a	-50.92	16.1	16.03	338
1y4d	-50.92	26.55	25.15	339
1zli	-50.72	22.59	21.04	380
1y33	-50.05	15.76	17.54	345
1y48	-50.05	17.2	18.6	345
1wpx	-49.91	38.18	35.81	625
1zr0	-45.01	36.74	31.42	572
2bo9	-48.65	16.03	14.55	1048
2hev	-42.86	42.47	38.85	266
2gng	-31.52	37.16	32.6	358
2gww	-56.84	80.57	77.04	281
1zvy	-57.08	17.81	13.07	254
2cjs	-39.95	29.75	23.63	373
2f6a	-38.24	63.65	51.61	1331
2dx5	-19.87	19.92	14.36	172
2b7c	-36.52	25.6	26.58	527
2f5z	-51.99	41.38	47.59	4930
2fu5	-52.25	44.34	30.86	517
2ixq	-35.13	0.0	0.0	285
1yk0	-51.47	54.2	62.66	809
2f9z	-34.51	47.02	44.79	691
2b42	-51.2	39.3	31.94	548
2j1k	-51.13	34.02	33.45	3623
2g2u	-33.69	22.54	24.05	430
2i32	-33.6	53.06	46.37	345
2d10	-50.05	38.42	56.44	1266
2b87	-39.95	0.0	0.0	116
2f31	-39.9	34.64	34.89	248
2hth	-22.71	59.68	57.68	202
2c0l	-39.74	36.02	29.87	414
1zv5	-45.66	35.58	27.44	248
2aq2	-45.43	28.66	23.83	344
2fdb	-38.87	22.01	15.38	685
2ftm	-61.62	16.99	11.95	281
2den	-27.22	6.11	5.9	122
1yrt	-51.37	27.32	24.63	420
2g45	-31.68	40.93	32.77	386
2fyl	-31.69	2.82	3.39	163
2hd5	-31.69	22.61	17.97	391
2j12	-43.94	13.95	13.27	302
2hwn	-49.65	38.39	36.94	206
2few	-13.88	0.16	0.51	240
2fuh	-20.11	0.0	0.0	222
2a24	-25.82	0.42	0.68	215
2dsp	-31.52	42.18	40.89	148
2hle	-42.23	56.81	52.54	321
2djy	-25.1	0.0	0.0	62
2h4m	-42.1	73.72	66.93	1687
2arp	-36.34	40.49	33.84	253
1yk1	-41.89	72.62	94.4	809
2fju	-30.11	32.48	34.58	873
2aq1	-47.14	45.18	33.08	1380
2g2w	-35.59	22.47	22.27	429
2es4	-47.38	34.41	30.24	1176
2c7m	-29.64	66.79	64.46	132
2c7n	-29.64	44.84	43.45	765
2hsq	-46.69	157.51	157.85	284
2ftl	-75.47	15.19	9.65	280
2f4m	-41.02	47.91	45.75	356
2aq3	-29.22	45.42	33.24	1376
1zvh	-40.84	17.5	11.26	251
2iy1	-34.84	59.4	57.5	618
2bwe	-23.38	82.88	80.79	1047
2a9h	-34.51	85.45	51.29	424
2gh0	-40.22	37.36	36.48	598
1zgu	-22.88	20.51	18.33	215
2hrk	-45.92	34.51	29.96	298
2j7p	-45.66	29.3	25.58	1107
2j0t	-53.64	44.88	43.74	854
2abz	-48.82	32.48	28.65	826
2o3b	-65.61	46.62	42.49	376
1yvb	-46.73	52.13	41.82	352
2j8x	-46.21	24.1	25.38	623
2omy	-38.24	10.87	10.66	566
2qxv	-36.64	16.9	18.93	381
2oin	-35.92	42.93	35.87	369
2odg	-35.55	0.22	0.75	225
2omu	-52.64	13.13	13.19	567
2o98	-51.77	50.7	49.46	573
2gox	-51.92	43.34	49.2	724
2i9b	-51.47	68.48	67.56	1514
2ifg	-51.63	93.74	44.85	911
2nyz	-51.63	59.9	62.95	869
2pkg	-34.1	72.91	61.18	1318
2i25	-51.37	38.49	36.13	489
2qej	-51.13	32.72	25.21	803
2omv	-50.92	18.02	18.15	564
2pon	-33.41	0.0	0.0	179
2ot3	-32.79	29.82	21.11	410
2pms	-45.59	31.72	29.48	880
2ju0	-39.95	0.0	0.0	227
2omt	-39.95	17.65	15.85	567
2q7n	-62.78	102.52	99.32	1320
2qc1	-62.78	30.94	18.76	286
2omw	-28.54	16.0	18.25	566
2qiy	-39.52	28.69	29.93	317
2omx	-39.5	12.29	14.91	569
2noj	-45.01	48.65	34.08	1344
2rf9	-27.89	68.32	64.56	602
2q0o	-44.67	39.45	40.84	643
2r9p	-27.7	22.62	17.65	1128
2oor	-44.58	57.78	42.75	915
2phe	-27.53	10.0	10.0	158
2rmk	-38.64	0.0	0.0	273
2ij0	-55.62	45.89	43.12	621
2p4a	-55.62	30.65	26.72	490
2jgz	-17.12	36.86	29.33	548
2p1l	-32.18	60.4	64.37	660
2oza	-49.1	72.82	72.95	672
2i3t	-31.78	58.18	60.88	1484
2ot8	-43.94	93.53	84.95	1674
2ra3	-61.07	22.66	18.97	562
2v8s	-26.58	33.63	25.68	230
2p49	-43.6	14.77	12.71	242
2j8s	-43.11	42.79	36.55	3426
2v6x	-25.99	19.82	22.06	119
2yvj	-20.16	40.53	41.91	909
2hqw	-49.65	35.18	37.82	160
2iou	-31.16	69.53	74.24	3272
2i3s	-31.07	39.41	33.1	1102
2iyb	-31.07	28.11	28.17	705
2psm	-60.06	35.12	29.87	371
2iwg	-42.42	70.88	63.89	776
2z3q	-59.48	14.63	10.94	389
2z3r	-59.48	11.14	8.1	1534
2vda	-31.52	10.0	10.0	856
2pop	-30.69	85.17	78.5	810
2z8w	-47.53	58.31	57.7	902
2z8v	-47.48	61.23	58.4	902
2omz	-36.52	11.93	14.67	571
2ihs	-42.23	46.02	46.43	433
2jt4	-25.1	0.0	0.0	147
2ptt	-30.81	20.25	18.49	211
2j59	-41.44	22.83	22.97	1669
2oob	-24.22	20.23	17.16	116
2v3b	-30.26	29.5	30.83	434
2qho	-24.1	15.62	14.18	488
2onl	-46.93	99.77	99.9	1307
2ibf	-46.28	74.28	79.93	302
2v9t	-46.15	21.29	19.68	317
2uyz	-40.45	12.31	13.26	234
2px9	-23.16	1.94	2.14	375
2i26	-45.81	29.94	27.31	736
3biw	-40.03	132.7	121.04	2840
2o8v	-34.01	55.91	59.34	337
2g81	-44.9	17.99	14.66	279
2nz1	-44.2	37.64	33.38	1305
2jod	-36.85	1.33	1.64	139
2nqd	-59.41	18.42	15.37	330
2uuy	-47.1	10.17	7.96	275
3c5t	-54.35	38.13	35.45	129
2z7f	-46.73	19.81	14.82	268
3brt	-44.2	42.88	41.54	205
3brv	-43.54	16.0	14.52	204
2qur	-37.68	41.35	37.94	358
3c59	-49.1	54.26	51.61	128
3ehu	-31.29	29.9	31.2	914
2za4	-56.24	21.02	18.89	390
2vdb	-56.07	44.66	43.06	629
3dxc	-38.0	40.74	37.1	307
2k05	-38.24	37.44	37.85	206
3dvu	-38.24	66.1	60.45	309
2roz	-37.07	0.0	0.0	168
3dxe	-36.99	41.77	37.89	308
3dxd	-36.92	50.72	46.15	307
2vlp	-70.01	19.57	17.07	216
2jti	-35.56	15.86	13.93	397
2jzn	-18.84	0.75	1.51	431
1vsq	-18.84	0.75	1.51	429
3ddc	-34.89	25.77	23.92	299
2vof	-52.25	31.18	30.99	332
2vlo	-68.78	21.81	18.6	222
2z34	-34.54	32.19	27.49	347
3c4m	-34.3	39.13	39.26	978
3f5c	-34.51	117.03	99.64	607
2v51	-34.25	35.53	36.48	759
2qja	-51.13	77.75	77.33	386
2voi	-51.13	55.94	53.5	174
2v4z	-33.69	53.82	53.23	438
2jjt	-33.79	32.74	27.97	455
2jjs	-33.79	20.53	20.46	465
2jki	-33.02	53.37	50.6	921
2vln	-67.21	14.64	14.21	214
2v52	-32.66	23.02	23.76	390
2p45	-39.59	15.23	11.52	240
2p46	-39.59	31.76	27.83	472
2p48	-39.59	47.62	40.23	240
2p47	-39.59	89.59	88.05	239
3ch5	-22.38	36.45	37.86	230
3eg5	-33.69	53.16	50.05	1030
3eab	-28.09	53.67	44.9	759
2ver	-27.87	1.75	1.93	253
2rms	-39.23	0.0	0.0	132
2q5d	-44.56	83.52	62.87	1775
2p8q	-44.56	48.09	49.37	912
2rnr	-38.95	0.0	0.0	170
2z58	-44.5	23.8	23.08	384
2k6d	-21.5	37.84	41.6	138
2otk	-44.35	0.0	0.0	111
3d5r	-44.07	41.12	39.61	724
2voh	-51.37	25.18	24.31	179
3dgc	-51.37	39.93	35.02	691
3d5o	-34.25	51.45	61.44	1191
3eba	-49.24	28.52	26.07	252
3e2u	-32.18	73.39	69.74	383
2qj9	-49.2	88.26	87.27	386
2k3s	-31.78	0.0	0.0	186
3eoy	-48.82	62.23	61.81	1577
2p44	-43.94	23.94	20.5	237
2jy6	-26.82	0.0	0.0	128
3bn3	-26.82	52.89	49.91	376
2vog	-38.11	28.82	27.67	167
2vlq	-60.74	12.17	11.13	218
3bk3	-43.71	56.3	54.06	342
2p43	-43.6	17.6	14.96	244
2p42	-43.6	19.6	15.02	484
3d5s	-43.29	42.57	43.02	724
3blh	-37.23	75.18	65.28	546
3ech	-37.23	15.0	14.39	288
3d7u	-25.82	191.03	179.2	1020
3cx8	-36.92	32.32	27.8	512
2k42	-42.56	0.0	0.0	108
2vsm	-42.56	14.6	13.07	550
2k2u	-36.78	0.0	0.0	150
2efh	-42.49	34.7	26.58	796
3c66	-31.52	54.75	59.94	1105
3bp8	-47.85	44.24	43.11	911
3dvm	-47.74	58.11	66.96	162
3c4p	-47.7	23.66	22.04	430
3cqx	-30.52	34.03	35.12	918
3c4o	-47.59	22.03	20.11	430
3cx6	-30.36	40.74	39.08	505
2qjb	-47.43	81.85	81.65	382
2jtt	-30.31	0.0	0.0	242
2vyr	-41.99	28.25	23.81	1336
3ejj	-36.2	67.35	38.6	565
3cqc	-47.93	77.32	54.26	433
3cqg	-47.93	79.76	67.62	409
2k5b	-30.81	10.0	10.0	339
2ve7	-30.81	65.72	66.52	1010
3beg	-41.67	117.65	113.11	434
3cx7	-35.87	42.87	42.25	512
2efd	-46.44	74.66	61.78	796
3c9a	-46.31	22.41	23.06	511
2vay	-46.25	34.43	35.12	167
3d7t	-23.71	108.09	85.64	514
2v5q	-40.8	34.3	31.71	829
3crk	-29.0	53.2	73.02	903
2qna	-40.42	31.25	30.86	774
3bik	-29.09	67.94	63.62	446
3bs5	-40.15	31.99	31.14	157
3bh6	-40.08	35.88	32.5	475
3bx1	-33.6	33.57	29.09	900
3d1m	-33.6	33.07	31.28	484
3b4v	-60.06	40.24	32.31	1280
3fju	-50.2	10.4	9.18	372
2oul	-50.05	22.69	19.47	348
3ixe	-33.9	14.08	10.37	241
3iol	-37.68	15.8	12.41	126
2w84	-40.84	0.0	0.0	77
3da7	-39.3	37.74	32.91	774
3fp6	-74.2	12.98	8.56	281
2wjv	-38.24	21.85	23.49	1654
3inb	-38.24	159.04	154.33	1044
2kbw	-37.07	0.0	0.0	191
2khs	-36.78	0.0	0.0	156
2wel	-37.23	19.95	21.57	449
2w83	-36.4	31.44	25.27	613
3g3a	-36.34	25.87	23.04	1168
3gty	-53.24	49.99	58.79	561
2zvk	-36.52	32.47	28.51	777
2k79	-18.12	1.07	1.19	171
2k7a	-18.12	1.0	1.0	171
3idc	-52.64	57.32	52.81	501
2wp0	-34.43	47.94	38.51	532
3knb	-34.4	26.38	25.58	194
3h3g	-34.27	44.85	43.96	493
3ew3	-50.92	107.93	91.69	569
2wy2	-16.47	0.0	0.0	412
3hcu	-33.27	79.3	74.28	509
3hct	-33.27	40.77	33.57	252
2zvo	-33.08	50.61	38.75	471
2zvn	-33.08	77.64	63.68	931
2k8c	-15.67	1.35	1.47	156
2k8b	-15.67	1.44	1.43	156
3htu	-32.79	32.05	23.23	439
2wo2	-28.35	49.88	39.29	314
3k8p	-45.66	61.29	53.49	869
3idb	-45.36	23.81	20.13	492
3eiq	-39.72	55.84	52.75	1013
3ifq	-39.59	91.77	93.18	1258
2knb	-28.3	0.67	1.0	138
3hh2	-45.15	24.86	19.39	771
3h2u	-27.97	64.03	53.47	915
3f1p	-22.38	18.52	20.72	225
3gni	-45.21	28.59	27.48	639
3ff8	-22.18	32.09	23.8	425
2wqz	-39.27	72.52	71.26	1443
3hpw	-27.89	13.17	13.29	235
2w19	-39.12	29.98	31.13	983
2wfx	-44.83	74.54	73.34	570
3hg0	-44.5	50.04	39.07	523
3di2	-27.08	45.14	38.57	616
3g9v	-68.49	39.42	33.46	613
3kv4	-34.25	25.68	21.47	444
3gc3	-32.41	24.3	23.57	678
2wo3	-32.18	43.67	40.72	318
2k8f	-31.78	0.0	0.0	129
2kc8	-38.24	0.0	0.0	128
3ff7	-21.11	28.15	23.43	419
3gxu	-38.2	20.57	17.52	309
3doe	-43.94	37.88	36.79	303
3g7z	-61.07	25.75	26.22	269
3fhc	-43.75	42.37	45.75	605
3di3	-43.82	81.89	71.78	311
3h8k	-43.82	33.48	30.74	192
3h2v	-26.57	55.74	54.94	977
3ho5	-38.0	96.76	88.4	1051
3jvf	-37.3	110.29	101.89	478
3etb	-60.15	13.5	11.76	1489
3gqi	-42.7	80.48	78.12	530
3g3b	-42.63	44.87	42.08	1065
3g9w	-25.36	32.08	34.98	500
3gj8	-31.52	35.65	33.94	461
2zxx	-47.7	57.35	52.75	644
3it8	-59.17	74.16	59.22	2706
3gj5	-24.7	43.27	44.92	454
3f7p	-24.6	82.53	93.15	1069
3gj3	-24.6	35.32	32.5	229
2w81	-47.93	42.43	38.99	1083
2w80	-47.93	40.48	39.06	1467
3gj7	-30.81	54.97	54.01	457
3kls	-47.14	156.44	173.35	3482
2ka6	-41.57	0.0	0.0	137
2k2s	-41.53	0.86	0.91	191
2ka4	-41.3	6.0	6.0	157
3ejh	-30.26	52.53	44.88	210
3gb8	-29.61	44.54	22.19	1227
3gj6	-29.61	88.25	142.16	229
3gj4	-29.57	50.99	51.74	453
2kj4	-41.02	0.0	0.0	119
2wg3	-40.71	19.99	20.14	1120
2wg4	-40.7	66.52	60.99	566
2wwx	-40.54	13.53	10.53	370
2k3u	-46.09	12.51	12.87	111
2kde	-28.83	7.9	9.03	263
2wx0	-29.09	43.89	32.2	351
3ia3	-40.13	83.08	74.33	450
3bzd	-22.93	18.22	14.75	343
2kgx	-28.8	10.0	10.0	265
3gmw	-58.8	26.12	24.19	832
3fxd	-43.94	30.95	34.19	214
3fsh	-47.38	62.82	52.6	355
3h8d	-40.51	31.95	27.93	614
3e1z	-59.61	25.97	24.09	321
3h6s	-57.63	31.83	25.1	1480
3fii	-49.78	39.3	44.45	429
3fie	-51.37	22.38	26.61	875
3k9m	-49.65	42.44	43.32	704
3e2l	-58.0	29.51	25.14	839
3e2k	-58.0	35.02	32.45	843
3g7a	-45.92	37.74	37.17	66
3f50	-45.92	83.53	80.06	60
3n00	-39.72	49.47	46.33	205
3mc0	-39.4	36.6	29.94	673
3fpu	-56.62	31.86	28.54	166
3laq	-55.76	33.82	32.56	767
2wpt	-39.95	26.11	19.45	195
3ogo	-54.19	34.88	35.37	1369
3l9j	-54.04	28.26	24.29	279
3mca	-36.58	67.74	53.66	718
3kuc	-36.27	26.21	21.46	243
3o6q	-53.29	62.11	63.64	368
2kwj	-35.96	0.0	0.0	133
2wp3	-34.82	15.55	15.46	196
2wwk	-33.63	8.76	9.13	198
3oky	-33.6	50.27	42.04	1149
3ma2	-33.19	24.81	21.68	575
3kud	-32.93	39.46	38.74	241
3m0a	-32.93	82.86	61.34	260
3osl	-49.91	37.68	33.34	740
3k75	-39.72	51.86	41.02	791
3kz1	-39.72	71.51	65.45	1075
2xb6	-39.61	24.38	25.59	1424
2kxh	-27.7	0.0	0.0	230
3k6g	-44.42	31.0	26.88	371
3oak	-38.65	62.61	64.94	362
2x1w	-44.5	69.81	65.84	1154
2x1x	-44.5	53.83	56.34	304
2l0f	-21.49	0.0	0.0	121
3m63	-38.57	42.9	43.5	1025
3m18	-55.62	29.21	24.86	372
2kwi	-38.44	0.0	0.0	234
2wh6	-44.2	27.26	30.95	179
2rr3	-32.41	0.0	0.0	172
3onw	-49.3	62.5	66.15	702
2kwk	-32.18	0.0	0.0	134
3mjh	-32.08	36.07	37.4	402
3mhp	-31.74	16.21	12.87	611
3a4s	-31.69	42.69	45.19	446
3ohm	-38.24	76.5	69.1	1077
3hug	-43.94	46.68	45.48	1363
3ncc	-3.85	39.96	34.61	392
3kyi	-20.9	85.67	88.85	231
2xdf	-26.7	362.34	625.71	1316
3o6b	-37.92	114.14	115.11	1272
2wd5	-43.71	49.11	42.9	368
3mzw	-60.83	57.08	45.74	622
3ouw	-43.6	79.33	72.27	524
2ktf	-26.47	0.0	0.0	108
3l89	-37.37	58.27	61.46	3715
3nvq	-37.34	66.65	46.19	2124
3kj2	-49.65	44.27	31.85	173
3kj1	-49.65	42.41	32.18	174
3kj0	-49.65	21.57	19.79	181
2wvw	-32.53	0.0	0.0	5416
3npz	-31.4	60.79	49.79	587
3n06	-14.32	41.7	35.74	392
2l14	-31.44	0.0	0.0	108
3m9d	-31.21	153.98	178.04	2418
3oiq	-30.94	56.54	48.56	213
2xgy	-25.82	33.15	30.35	294
2xqr	-42.86	31.48	24.15	4098
2xa0	-42.54	40.12	40.31	326
3oux	-42.56	66.2	62.57	550
2wy8	-36.78	22.71	21.39	358
3kw5	-36.61	123.05	119.75	298
3jza	-65.77	22.01	17.97	361
2x9a	-30.57	59.49	52.28	302
3mzg	-13.15	40.59	32.49	392
3ajb	-42.18	53.05	63.45	319
3lbx	-36.52	29.65	26.94	322
2kwo	-24.71	0.0	0.0	133
2kri	-24.76	10.0	10.0	120
3im4	-41.77	53.54	57.72	126
3n0p	-13.08	34.06	26.51	392
3ol2	-30.02	74.8	71.54	1110
2kvq	-24.55	0.0	0.0	139
2kwu	-24.5	0.0	0.0	112
2kqs	-24.3	3.48	0.97	117
3mj7	-30.26	67.12	58.78	418
2x2d	-29.76	33.07	29.92	609
2l0t	-23.94	1.45	1.31	239
2wy3	-40.98	32.76	33.54	610
3lb8	-23.86	75.5	80.49	1043
2kyg	-40.95	0.01	0.01	138
3me2	-58.03	58.31	64.73	322
3k2m	-46.55	26.86	26.4	399
3egg	-46.01	25.62	25.18	814
3kbt	-45.84	33.25	28.82	886
3gs2	-45.87	31.08	25.19	276
3nvn	-45.81	46.64	34.77	857
3ixs	-40.22	35.06	32.25	812
2kwv	-23.09	0.0	0.0	112
3ncb	-5.89	39.09	33.87	392
3k1r	-51.37	25.26	22.41	266
2wus	-30.26	46.61	25.86	837
3lms	-50.92	55.14	48.05	383
3l33	-39.19	44.29	42.73	1104
2xtt	-61.07	9.87	7.91	258
3kz0	-37.46	48.14	37.69	334
2yj1	-45.01	32.62	34.0	321
3qbr	-42.63	70.44	66.27	371
3zrz	-60.06	22.38	20.94	214
2xqw	-38.5	53.37	47.92	711
3p71	-36.64	43.66	38.77	618
3alz	-35.87	271.54	266.06	526
3au4	-35.82	39.63	51.37	556
3tac	-35.73	53.77	47.98	616
3ry6	-18.84	34.48	43.27	595
3oed	-35.96	77.91	73.35	848
3ona	-35.2	76.56	63.37	224
3syn	-35.51	30.16	22.73	1096
2y8s	-51.4	33.01	35.38	848
3qbt	-34.51	39.82	39.26	1217
3n4i	-51.13	19.58	19.63	430
3qhy	-68.26	20.64	17.12	529
3rt0	-33.79	36.27	34.23	972
3noc	-50.36	62.38	64.48	3391
3o5t	-33.24	23.92	22.88	395
3qq8	-33.24	37.91	30.61	257
2kxw	-45.66	0.0	0.0	100
3qc8	-28.26	46.69	44.67	250
2xze	-39.65	28.2	26.45	322
3qlu	-45.43	46.21	42.86	1498
2xbb	-28.3	48.92	48.41	904
3rbb	-45.15	48.1	45.65	378
2l2l	-45.13	0.0	0.0	79
3onl	-28.09	38.28	36.24	371
3oj2	-39.3	48.07	43.59	688
3ojm	-39.3	24.81	21.84	356
3qml	-45.01	67.73	56.78	1282
2y8t	-44.79	22.81	22.78	855
2xpx	-38.95	46.97	50.75	176
3zs9	-38.95	34.98	34.75	661
3zwl	-38.79	39.86	43.6	769
3b08	-27.19	23.69	24.35	836
3rea	-38.51	54.48	44.01	372
3q9n	-44.35	27.48	26.94	588
3sja	-44.35	76.98	67.45	2002
3sua	-26.96	124.77	93.74	2048
2l9s	-32.29	0.0	0.0	139
3owt	-31.98	48.38	54.5	316
3sf4	-49.2	47.69	44.06	1183
3rdz	-48.92	30.85	23.78	574
3sgk	-48.73	64.46	54.23	586
3r4d	-43.78	67.3	60.4	856
3nog	-43.66	80.11	89.33	3382
3qbq	-37.89	62.14	51.53	638
2kt5	-25.99	0.0	0.0	164
2y9m	-49.65	46.87	40.82	283
3aon	-48.49	41.53	35.16	279
3r9a	-31.14	31.68	31.01	1355
2xhe	-48.0	104.75	103.05	787
3t6g	-42.94	100.47	99.45	837
3sjd	-42.86	344.87	386.78	919
3oxu	-25.5	35.61	29.89	1252
3q4f	-30.75	267.87	278.29	1536
3qs7	-42.23	168.72	149.61	1627
3r85	-25.02	36.74	36.72	633
3pvm	-42.1	192.8	185.49	5704
2x89	-41.99	60.77	57.89	744
3q9u	-47.28	40.02	37.38	589
3s8v	-41.67	87.12	78.14	1277
3zs8	-41.62	111.96	103.38	705
3t1q	-30.26	39.91	36.1	443
3uyo	-29.49	25.55	23.94	208
3rzw	-40.91	38.97	38.29	331
3rgf	-46.53	44.81	46.95	587
3zyi	-46.44	58.73	52.11	698
3zyj	-46.25	102.08	109.14	1444
3sku	-40.84	146.19	139.03	1219
3s2k	-40.79	60.47	58.97	1298
2l1l	-46.55	1.75	2.2	154
2xns	-34.77	109.15	111.03	710
3qht	-40.45	49.08	44.05	338
2ld7	-45.87	0.0	0.0	169
3olm	-23.08	60.73	74.42	486
3qsk	-40.19	21.19	13.23	242
3reb	-40.06	131.92	113.43	339
2ygg	-43.94	51.02	49.94	212
3t04	-41.57	23.04	17.43	201
3ay4	-41.22	42.32	37.16	591
4a1u	-35.77	21.88	22.35	163
3qtl	-50.48	33.78	42.8	892
3o40	-50.54	29.88	30.32	226
3p95	-33.24	18.62	14.6	282
3pnr	-45.23	63.22	54.41	369
3zv0	-22.59	59.84	61.81	963
4a94	-64.55	19.14	15.59	706
3p92	-46.97	15.23	10.71	282
3o43	-45.92	42.76	43.21	223
4eah	-51.77	105.72	91.68	2852
3ujg	-34.65	56.45	47.71	605
3ukx	-60.06	32.78	29.95	449
3ro2	-41.88	53.25	67.83	350
4di3	-41.22	117.68	126.1	1439
3uzq	-57.57	33.69	29.16	329
2lxm	-57.63	0.0	0.0	199
3v6b	-37.4	117.1	108.16	281
3tsr	-89.6	25.42	29.24	2305
4eee	-55.36	60.52	56.67	518
4b1v	-37.07	20.51	25.45	763
4etp	-36.71	70.0	62.66	666
4g59	-36.4	51.66	48.85	853
3uzv	-53.46	60.95	58.73	326
3tkl	-36.34	32.09	34.69	363
4auo	-36.52	33.92	29.01	912
4dbg	-35.87	50.8	48.09	228
3uz0	-35.68	79.22	70.65	503
4dt1	-35.68	40.67	31.91	404
3tei	-35.96	56.91	68.97	356
3u9d	-35.96	32.81	32.48	756
4ft4	-35.96	73.98	103.4	1391
4apf	-35.31	115.72	96.91	605
3twi	-35.51	47.03	39.25	859
3ux9	-52.09	62.17	58.01	720
2luh	-35.13	0.0	0.0	226
4afz	-51.63	51.1	46.22	560
4dra	-33.86	44.69	41.64	677
4ehq	-33.6	21.6	21.84	165
3u9z	-33.18	29.9	32.93	377
4dm6	-33.24	33.7	34.41	502
4dm8	-33.24	40.52	36.34	493
4dxa	-32.79	41.03	40.1	470
3qt2	-49.78	80.27	69.16	1051
2lpb	-28.51	10.42	10.32	115
4hcn	-22.67	20.67	15.03	322
3ul4	-45.34	35.01	25.81	205
3zuv	-39.56	60.76	63.51	958
2lvo	-27.93	10.0	10.0	128
2lkm	-45.21	0.0	0.0	214
4fzv	-44.95	60.77	43.95	568
2lvp	-27.81	10.0	10.0	204
3vyr	-39.12	48.6	48.21	443
2l29	-44.61	1.93	1.85	209
3zwh	-33.18	23.01	21.17	235
4f9p	-44.66	126.43	115.19	859
3vhx	-27.53	56.06	49.19	1050
3sri	-38.71	28.89	36.68	311
3p9w	-44.5	39.92	39.3	875
3u82	-44.33	193.82	211.78	531
3v4y	-44.23	36.57	42.36	1340
4g6u	-44.23	47.66	43.63	365
4g8a	-55.54	48.01	39.96	1486
2lox	-38.36	0.0	0.0	135
4h6j	-38.36	24.13	23.42	217
3t0y	-38.32	36.61	39.1	313
3u43	-85.62	16.41	12.23	224
4eoz	-34.25	86.03	79.46	797
4giq	-32.42	44.03	28.43	319
3ul0	-49.3	36.29	30.98	449
4b93	-32.18	49.34	48.43	348
4eqa	-49.18	24.72	18.73	592
3ukz	-49.2	27.48	22.97	450
4afq	-49.2	26.29	23.55	566
4aqe	-32.08	24.34	21.97	444
3uez	-66.22	79.71	70.72	1307
3vpj	-48.84	53.23	43.78	1172
3ul1	-48.91	39.74	33.59	447
3ula	-48.78	87.33	87.64	832
4f38	-48.73	37.34	33.81	382
2lqc	-31.61	0.0	0.0	101
4apx	-31.61	22.39	19.56	446
3zwz	-43.91	18.63	22.33	333
4ap2	-43.94	90.17	85.91	625
4g6v	-43.81	39.32	39.12	936
2lp0	-26.56	0.0	0.0	80
2lvq	-26.52	10.0	10.0	204
3qwq	-49.65	63.11	38.63	713
4ayi	-49.65	54.88	48.35	482
4etw	-31.44	46.37	62.14	660
4f48	-31.36	24.98	29.27	338
2leh	-48.41	0.0	0.0	215
3u8x	-31.21	24.46	26.44	756
3sjh	-31.21	18.22	25.52	379
3tl8	-31.14	63.82	61.76	1560
4dh2	-42.73	34.22	28.17	456
4aye	-31.26	46.83	41.83	1091
2ly4	-36.88	0.0	0.0	130
4dge	-25.2	18.9	19.71	609
3uyp	-30.75	37.56	38.21	322
2y5b	-30.69	21.46	17.11	940
4a49	-24.98	53.42	48.31	222
3qi2	-41.93	65.96	68.63	695
3qbv	-36.08	54.45	42.61	950
2lp4	-13.69	0.0	0.0	353
2lnk	-47.93	1.46	0.79	241
2lfw	-47.1	0.0	0.0	219
4gh7	-47.02	58.17	54.06	901
4exp	-35.96	85.97	60.52	454
3tu3	-41.35	37.29	39.89	645
3oun	-41.3	24.79	19.83	347
4a1s	-47.38	42.12	36.99	746
4ag2	-46.85	27.3	24.51	565
3zu7	-46.69	31.09	32.03	498
4f9l	-40.98	85.45	76.73	891
4did	-29.8	58.23	46.83	306
4ds8	-29.19	26.96	21.3	471
4ayd	-34.74	40.22	35.6	1084
2lqh	-23.23	0.0	0.0	139
3uze	-46.21	37.22	39.1	623
4hcp	-28.69	19.3	18.48	320
4dkd	-40.11	97.02	83.53	593
4dj9	-39.98	70.84	67.1	265
3ukw	-56.84	28.21	22.94	448
4f0a	-32.08	101.97	129.86	412
4dcn	-31.29	51.65	42.98	719
4dvg	-31.52	79.72	72.39	458
3uir	-53.43	29.84	23.87	601
4gi3	-52.33	21.43	20.83	331
3tg1	-34.22	88.16	74.15	464
3v96	-51.13	47.2	34.36	323
4dzv	-45.43	45.28	50.8	215
4dg4	-31.78	16.28	12.87	1128
4an7	-48.49	44.9	35.44	379
2yq7	-42.56	24.55	27.05	163
4g35	-41.48	27.27	22.23	147
4hx3	-46.93	58.17	47.74	1466
4ksd	-37.59	127.75	135.87	1300
3tz1	-39.1	32.14	29.7	95
3w8h	-38.73	20.8	15.22	256
4k0a	-55.62	47.68	49.92	361
4kbb	-38.5	24.79	23.92	867
4hgk	-55.49	85.69	61.22	1172
4gn4	-37.65	34.28	31.08	237
4bpx	-37.68	218.66	196.68	1147
4c4p	-37.68	38.46	26.38	223
4hff	-54.62	41.23	35.8	251
4hfk	-54.62	15.88	12.17	515
4kt3	-54.71	23.39	20.13	265
4b1y	-37.49	14.76	16.63	394
3zet	-37.31	29.69	26.77	563
3zeu	-37.31	18.84	18.2	1134
4l67	-37.07	72.96	92.07	309
4hdo	-36.78	23.07	20.49	473
4iyp	-37.23	84.71	85.38	317
4ic7	-36.34	90.72	84.72	942
4bqd	-53.09	40.86	29.34	181
4awx	-35.96	47.61	42.93	315
4iop	-52.36	97.93	87.69	238
4bfi	-35.51	93.31	73.31	393
4gu0	-34.99	77.57	98.28	3019
4fq0	-34.59	91.22	83.12	522
4c5g	-34.17	37.21	29.5	471
4kt5	-34.01	57.11	46.2	311
4dx8	-33.71	102.77	72.27	1019
4j32	-50.76	25.29	25.51	258
3zkq	-50.92	30.92	24.04	489
4hh3	-33.6	30.57	25.6	711
4jeu	-50.54	97.91	83.16	783
4jo6	-50.32	28.74	36.56	531
4gko	-16.12	150.48	143.8	1987
4h2w	-32.89	33.45	54.99	744
4gaf	-67.04	54.17	56.78	458
4hsa	-49.78	104.44	90.62	965
3vep	-28.47	53.26	47.14	458
4asw	-39.95	9.52	11.24	239
2m04	-45.66	19.82	18.22	199
4hem	-45.66	29.61	26.21	755
2m49	-28.54	3.25	3.04	434
4geh	-45.27	35.53	35.49	530
4c99	-39.63	86.2	81.01	514
4h5s	-27.99	17.7	15.57	196
2m0j	-45.21	0.0	0.0	176
4jeg	-45.21	34.55	26.5	207
2lz6	-28.09	9.14	8.8	136
4llo	-27.85	41.07	39.37	1143
4jw3	-33.33	76.73	61.0	416
4je4	-44.83	19.15	16.59	195
4jzw	-61.71	35.66	34.33	723
4kgg	-38.9	45.37	39.19	608
4j6g	-44.45	41.87	39.04	603
4kr0	-44.39	53.32	49.76	936
4hgm	-44.5	67.06	39.16	581
3znz	-38.29	31.43	25.72	412
4ios	-44.07	54.28	51.39	861
4eig	-51.37	45.13	31.34	276
4hrl	-51.37	33.02	27.56	331
3w8i	-49.47	35.35	33.05	251
2m86	-49.0	0.0	0.0	134
4glv	-48.71	26.76	21.4	941
4iu3	-43.84	24.84	17.27	443
4bru	-38.24	104.78	136.84	404
4aoq	-38.21	11.64	10.9	773
4i6l	-43.94	42.16	35.78	292
4h2s	-26.64	31.65	60.86	699
4ekc	-43.71	141.14	138.65	890
4ekd	-43.71	111.37	105.61	450
3wa5	-43.1	16.3	9.43	520
4c9b	-43.07	43.5	43.63	666
4jra	-43.11	41.82	40.82	1005
4bsr	-49.65	66.78	61.38	1170
4h3p	-32.53	44.92	67.3	713
4ng2	-31.36	53.01	41.63	1368
4g01	-31.21	31.76	23.75	402
4k81	-31.07	66.94	61.5	1660
4jw2	-48.13	47.97	43.25	263
4hep	-37.23	40.16	33.64	292
4gn5	-42.85	25.77	21.27	478
4ihl	-36.88	49.96	53.35	472
4gla	-25.41	62.87	53.36	436
2m55	-25.43	0.0	0.0	167
4kgq	-42.49	45.47	40.32	609
3v3k	-42.31	82.77	72.76	3238
4lad	-42.35	61.13	57.56	223
4hnj	-48.65	93.91	83.28	294
4eiz	-48.65	34.04	25.0	572
4euk	-30.75	40.48	33.69	288
4b1x	-30.61	36.9	38.77	385
4gn3	-30.46	32.57	31.64	2104
4kjy	-59.27	47.01	31.73	456
3zo0	-36.3	36.73	33.26	388
4i0c	-36.17	24.58	21.73	513
4krl	-41.83	33.74	24.76	327
2m5a	-41.77	0.76	0.54	116
4i9x	-46.94	52.61	48.0	572
4brw	-41.67	47.97	80.37	406
3vv2	-58.7	26.96	25.87	385
4kt1	-41.37	41.26	30.98	551
4ika	-24.2	57.28	76.74	482
2lww	-41.35	6.0	6.0	170
4ihh	-41.26	38.78	59.38	2336
4bkx	-30.26	53.76	54.61	530
4aor	-41.18	17.01	15.53	771
4iw4	-35.47	78.95	75.8	755
3wn7	-46.44	17.09	18.67	620
4jeh	-46.18	59.66	54.07	777
4ka2	-63.22	46.11	48.19	361
2m0g	-40.39	0.0	0.0	249
4j2l	-40.26	75.22	64.59	294
4dpg	-40.22	42.13	38.56	4148
4lqw	-22.98	22.25	20.56	625
4fza	-39.98	96.75	88.99	605
3vux	-28.8	29.77	27.7	327
2m5b	-28.54	37.96	37.72	188
3w6j	-41.39	67.58	60.26	956
4j2y	-51.69	36.4	32.67	388
4doq	-39.12	29.31	27.99	754
4bd9	-42.86	38.57	27.7	469
4ilw	-47.01	41.89	37.12	682
4nst	-35.18	42.83	44.86	1126
4bpk	-45.11	46.12	48.89	303
4plo	-42.35	42.11	20.64	604
4pbz	-41.67	61.65	53.79	408
4lgr	-56.84	29.65	21.56	375
4mit	-38.52	36.24	34.54	879
4m1l	-38.5	32.31	37.59	168
3wkt	-39.95	235.03	205.42	1618
4pz6	-38.11	66.84	78.22	755
4lgp	-55.01	45.12	42.77	753
4ml7	-54.61	17.56	16.56	455
4qt8	-37.4	53.55	52.45	1719
4jmf	-37.25	34.06	32.09	282
4peq	-89.6	20.34	18.18	1156
4pc0	-38.24	33.98	36.81	846
3wry	-37.15	42.9	34.75	1705
4pl8	-37.07	31.48	40.32	726
4qxa	-37.07	56.81	38.19	319
4p1n	-36.78	66.08	65.78	497
4nqw	-36.4	32.4	25.52	221
4r8g	-36.01	106.31	95.16	748
4lrz	-35.96	46.46	42.38	2017
4ofy	-35.5	94.45	74.97	1905
4kdi	-35.1	46.79	42.72	463
4kvg	-35.13	29.6	24.65	818
4cmm	-34.8	38.62	36.38	236
4mrt	-34.45	28.69	28.33	302
4nso	-51.42	52.04	42.15	285
4byf	-34.51	59.17	53.22	1690
3wdg	-50.92	13.02	14.32	326
4pqt	-34.01	30.64	24.56	261
4u0q	-34.01	50.95	46.54	933
4cu4	-33.79	55.02	63.07	714
4re1	-33.79	49.89	50.35	505
4w6y	-50.24	22.59	20.04	274
3wkn	-50.2	49.08	45.9	2010
4qlb	-33.08	58.26	71.03	2725
4kv5	-50.05	67.44	62.72	1366
2mcn	-32.66	10.0	10.0	133
4cdk	-32.66	84.1	67.29	1040
4k1r	-28.49	20.59	17.71	531
4k5a	-45.59	17.73	14.59	325
4q96	-22.51	24.66	20.0	551
4cj2	-45.43	26.29	24.85	381
4pas	-39.37	14.58	13.23	74
2ru4	-39.38	37.31	35.99	199
4m38	-28.09	19.72	22.9	674
4m5f	-62.04	40.69	29.57	523
2mbb	-22.18	0.0	0.0	114
4p3y	-39.02	46.1	56.69	567
4ons	-44.53	79.93	59.16	552
4pou	-38.84	19.52	15.78	240
4lrx	-27.53	68.43	67.98	1302
4n7z	-38.54	45.48	46.13	248
2mej	-27.22	0.32	0.35	339
4d0n	-27.07	32.14	24.36	550
4v2c	-27.08	111.61	111.81	858
4myw	-44.06	82.02	77.99	1070
4bwq	-26.86	23.52	16.7	635
2mre	-26.95	0.0	0.0	112
4per	-85.62	30.55	34.31	567
4u2x	-51.37	78.89	70.38	1162
3wrx	-32.41	32.95	30.64	1699
4pbv	-32.08	57.19	55.46	1095
4u5w	-31.85	36.35	24.57	550
4ra0	-66.03	92.34	84.55	1145
4c4k	-31.78	38.95	37.14	191
4mqv	-31.61	30.54	28.65	182
4mjs	-43.75	52.55	41.48	2060
4oyd	-55.12	28.57	23.82	548
4ojk	-26.58	68.92	69.31	404
2mnu	-37.89	0.0	0.0	119
2ruk	-26.35	0.0	0.0	128
4bxl	-37.78	0.59	0.6	114
4nl9	-37.69	21.92	18.6	248
2mp0	-9.14	0.0	0.0	398
4nzl	-43.39	26.03	19.18	314
4ct0	-43.11	70.23	70.06	582
4x7f	-43.11	32.01	32.58	836
4p6i	-37.31	55.55	50.81	1291
4w6w	-48.21	32.86	39.05	265
4x7d	-48.26	39.9	39.16	840
4u4c	-37.15	63.89	57.96	980
2mak	-20.03	38.85	38.4	210
4lyl	-42.86	25.04	24.25	2440
4n7v	-42.78	49.95	36.11	477
4v0o	-36.86	27.09	9.98	1938
4v0n	-36.86	52.67	36.47	1927
4qzv	-25.38	47.35	47.61	1870
4msm	-31.52	25.3	21.55	524
2mj5	-30.63	10.0	10.0	128
4ol0	-47.53	73.66	73.75	1074
4noo	-47.42	20.46	14.89	578
4ovn	-41.88	92.49	84.64	1373
4pp8	-36.03	49.42	49.96	546
4cj1	-41.77	18.18	13.59	607
4lzx	-47.35	15.24	10.61	182
4w6x	-47.26	31.36	24.61	267
2mfq	-30.16	0.0	0.0	137
4lxr	-46.97	46.04	36.57	885
4nzw	-35.94	66.66	65.66	575
4pbw	-35.72	116.36	104.82	1359
4js0	-30.26	29.36	35.99	207
2mjw	-29.72	0.81	0.98	390
3wwn	-29.56	35.33	43.31	317
4m0w	-29.53	17.74	14.43	393
4ln0	-46.62	25.7	22.51	457
4k5b	-52.46	23.79	24.73	601
3wo3	-40.87	78.34	73.31	2624
4m6b	-46.51	30.09	28.21	418
4x7e	-46.55	35.84	29.48	847
4mp0	-46.01	48.61	61.67	644
2mur	-28.73	0.0	0.0	122
4c2a	-45.74	45.49	42.62	468
4kfz	-40.11	75.41	68.01	548
4cj0	-40.0	12.03	8.81	594
4c2b	-45.92	90.06	87.96	1845
4l0p	-45.92	36.52	29.08	314
2mlz	-27.7	12.17	7.49	539
4c7n	-51.37	38.11	35.2	98
4q5u	-68.49	73.24	69.63	169
2mly	-32.53	11.3	7.5	582
4mne	-42.05	48.1	42.6	2179
2mlx	-30.81	12.53	7.51	523
4niq	-30.26	48.62	50.73	203
4u30	-39.16	29.79	23.29	1112
4u32	-36.65	12.82	9.52	278
4nm3	-24.1	54.81	45.6	376
4nu1	-24.1	74.87	65.67	375
4zgm	-55.49	29.2	27.1	128
4ywc	-37.73	58.52	52.58	402
5agw	-47.33	88.93	70.92	306
4zii	-42.7	59.74	60.84	176
4rws	-48.65	84.16	96.63	508
5bnq	-55.97	56.71	66.7	322
4yh7	-38.95	147.17	132.54	909
4wen	-39.95	51.7	42.21	374
4zkc	-55.12	102.37	110.54	277
4qlp	-55.01	15.13	13.33	374
4rwt	-37.89	50.36	56.23	1186
4zk9	-54.91	77.1	81.66	277
4x33	-37.68	24.64	23.85	384
4zi2	-36.4	37.63	32.48	615
5abv	-52.99	65.71	55.52	947
5dfw	-53.09	46.64	32.53	312
5d3i	-52.64	70.23	63.86	739
4yoc	-35.51	66.21	59.95	1411
4zgy	-35.13	83.43	81.81	508
2mzd	-34.57	0.0	0.0	115
2n2h	-34.43	0.0	0.0	152
5cff	-34.08	42.65	37.24	618
4xxb	-33.27	53.71	46.24	193
4xl5	-50.54	49.32	46.11	471
4zlt	-50.54	60.38	58.31	879
4y5o	-33.41	80.15	78.41	181
2mv7	-50.27	0.0	0.0	94
4yc7	-32.67	59.97	57.01	470
3wqb	-49.91	16.37	17.01	696
4d0g	-32.79	62.37	55.12	213
4rey	-39.76	52.17	55.29	218
4x7s	-45.66	53.94	48.08	440
4s0s	-45.34	92.4	80.58	726
5brm	-39.52	56.66	58.8	1054
5bn5	-28.3	42.99	37.19	965
4ui1	-39.42	54.79	50.72	353
4z80	-45.21	19.68	24.95	995
4pw9	-27.79	38.05	44.07	446
5d1l	-39.1	29.02	28.64	257
2rvb	-39.06	0.0	0.0	156
4uyq	-61.95	22.42	18.93	217
4wwi	-44.62	69.4	61.43	755
2mro	-21.83	2.63	3.88	120
4zqu	-44.5	41.22	33.98	298
4yeb	-44.35	154.21	151.51	588
5d1k	-38.5	28.59	27.58	256
4ypi	-44.02	154.74	95.67	1500
2n01	-34.25	0.0	0.0	129
4zrk	-34.25	62.51	57.28	1258
5dob	-34.25	88.94	86.0	402
4yvq	-32.49	48.57	39.44	203
4ydh	-31.93	101.6	86.25	1014
4zgq	-31.97	106.79	89.05	374
4zrj	-31.61	23.18	26.29	379
4uyp	-61.07	16.43	13.88	436
5cmn	-38.0	118.55	99.01	2272
4rs1	-43.5	61.26	53.65	372
4zv4	-43.6	122.04	97.66	1105
5cyk	-37.69	89.7	70.83	804
4rjf	-37.68	24.68	25.03	816
4xlw	-37.57	145.33	126.43	1476
5ajk	-31.84	77.77	77.51	978
4pgj	-43.29	36.33	32.19	483
4xhu	-43.29	51.88	48.87	846
4pvz	-43.17	47.39	48.89	898
4yyp	-37.4	89.89	90.64	119
4yiq	-32.53	33.89	31.1	429
5e6p	-32.53	137.89	154.69	579
5aam	-48.06	86.14	88.93	646
4xl1	-37.2	53.82	45.29	676
4cvw	-60.06	25.06	29.2	1948
5a6w	-42.86	30.85	23.46	227
4wnd	-42.71	23.23	24.69	355
5ajj	-31.35	48.98	59.86	167
4tq1	-19.73	24.91	22.05	290
4y61	-36.81	109.56	86.1	626
4xkl	-25.16	27.38	22.05	217
5aoq	-47.87	59.78	69.27	640
4w4o	-47.81	41.54	40.53	683
4xvp	-47.81	118.51	111.8	1155
5aaw	-47.74	52.35	49.43	1941
4xwj	-47.67	38.4	32.32	236
5e3e	-42.17	22.32	20.51	622
2mws	-24.81	2.17	2.3	154
4pj2	-58.95	23.08	20.85	488
4yl8	-30.07	23.51	25.55	327
4d2g	-29.99	53.16	50.76	814
4weu	-29.93	61.39	54.23	710
5bw7	-41.56	65.6	63.45	582
4uem	-46.77	99.8	98.96	379
4wem	-29.49	33.94	23.37	369
4uf1	-29.43	53.55	55.61	157
4tq0	-29.46	29.22	24.16	852
4uwx	-29.46	26.56	29.83	495
2n1d	-41.22	0.0	0.0	226
5d1m	-41.14	25.99	25.78	256
4xoi	-29.32	45.4	39.23	772
4x4m	-45.98	182.92	181.85	1377
4yn0	-40.36	63.7	47.15	370
4ui0	-40.27	88.36	95.37	261
4yiz	-46.21	34.91	31.36	1289
5cxb	-45.87	63.41	45.46	817
5e7f	-45.9	78.77	79.69	764
4yj4	-45.69	18.45	17.38	164
5c3f	-34.8	23.93	24.48	170
5gpg	-50.71	18.2	24.36	202
5j57	-61.07	23.94	21.08	388
5hvf	-60.06	62.06	53.96	490
5hgg	-58.6	30.36	24.12	747
5eg3	-39.21	35.52	33.63	414
5hpy	-39.3	68.13	55.34	738
5jsb	-38.95	92.37	75.67	1602
5dcq	-38.5	29.04	30.29	1069
5lxm	-38.5	74.05	83.25	297
5eoa	-39.95	58.88	52.29	229
5j7c	-55.25	37.75	34.2	452
5ibw	-54.81	14.97	13.24	192
5cw7	-71.65	50.08	47.45	1203
5ifs	-55.36	45.25	38.2	1242
5eo9	-36.71	58.2	48.01	312
5li1	-36.12	26.28	27.01	351
5ays	-53.05	25.75	29.21	678
5cx3	-35.77	55.85	60.07	553
5sv3	-52.53	26.81	14.21	585
5hvg	-52.51	84.04	77.64	1042
5lxq	-35.35	70.28	78.7	602
5ep6	-35.06	28.73	26.32	163
5boz	-52.25	89.77	92.66	2289
5ctr	-34.56	106.37	75.5	1031
5jsn	-34.8	55.03	46.81	528
4xkh	-34.4	47.4	43.31	564
5k8q	-51.63	32.26	37.82	169
5kho	-34.51	96.82	82.59	541
5c4v	-34.01	41.04	36.65	856
5szk	-34.01	86.15	74.15	313
5chv	-33.26	59.34	42.5	910
5jg6	-33.08	27.63	26.49	279
5kov	-49.82	105.64	109.31	3263
5b78	-32.68	24.97	24.37	140
4zrp	-49.91	59.16	65.39	956
5fvk	-32.79	27.47	28.74	204
2n8j	-45.49	0.0	0.0	170
5b77	-28.35	30.25	25.67	140
5czf	-57.08	50.07	49.24	270
5et1	-39.79	22.74	22.25	708
5b75	-28.54	34.17	29.68	143
5dju	-45.34	36.95	31.95	400
5ft8	-39.56	69.8	74.25	4281
5g1x	-28.07	28.14	29.82	292
5inb	-39.44	16.74	18.18	326
5ius	-56.48	118.24	100.93	657
4z9v	-28.09	69.2	66.43	418
4rt6	-44.97	55.7	60.93	977
5ij9	-27.81	72.95	72.01	856
5eb1	-39.12	34.28	29.3	543
5fr2	-39.1	54.95	48.52	364
5hk5	-39.02	36.63	34.23	925
5e95	-44.54	15.08	10.44	260
5j8h	-38.9	0.0	0.0	175
5jlv	-44.66	44.51	40.75	1038
5djt	-44.35	20.45	15.98	203
5j28	-38.32	28.03	29.25	652
5ejc	-38.27	99.75	96.6	655
5lz3	-26.95	42.77	46.95	158
4z9k	-49.41	26.6	22.84	374
5tar	-32.18	37.37	43.1	332
5d50	-31.88	65.16	57.45	1670
5glh	-60.98	84.54	75.99	473
5f5s	-43.71	94.77	102.15	230
5szi	-37.65	101.17	84.15	314
5k22	-43.39	95.92	94.65	305
5ee5	-26.17	67.69	54.43	365
5d28	-43.2	60.95	50.32	688
5l8j	-32.53	35.49	30.4	358
5f3x	-48.56	77.4	70.13	530
5j56	-48.49	46.6	41.01	383
5fr1	-31.29	59.28	46.04	349
5eof	-30.94	41.67	36.33	232
2n73	-37.07	28.48	30.75	149
5hps	-37.05	51.27	47.68	447
5m72	-42.7	34.63	28.34	171
5dc4	-42.56	19.35	19.6	192
5kve	-42.56	25.98	19.35	331
5imt	-36.73	41.03	40.35	537
5elu	-36.43	22.44	18.89	166
5kwy	-36.34	55.92	51.15	709
5ip4	-36.22	30.48	28.36	383
5f4e	-41.77	71.93	61.55	442
5fzt	-24.65	37.83	30.85	329
4udm	-47.93	57.52	57.63	180
4xxw	-30.2	54.4	45.74	866
5dmj	-47.24	56.97	43.41	844
5b76	-29.89	37.39	32.41	144
5hlz	-47.38	69.64	59.97	1154
5jem	-29.8	62.76	61.25	977
5eql	-40.91	70.89	56.44	158
5fv2	-63.61	110.31	103.59	637
5jze	-29.26	24.45	22.15	469
5ij0	-29.12	74.92	73.27	856
5ixd	-40.82	97.35	80.13	441
5b64	-40.84	83.87	69.96	296
5j4a	-40.77	36.82	33.49	440
5ioh	-34.87	29.71	33.43	650
5imy	-34.87	62.96	56.45	1102
5szj	-17.71	77.78	65.86	320
5d3f	-29.08	75.1	71.42	461
5jyl	-46.01	44.11	38.99	645
5fw5	-40.51	40.66	32.85	294
5jmc	-40.33	58.46	57.26	2039
5lz6	-29.09	74.72	70.59	157
2nbv	-28.72	0.73	0.85	188
5lrw	-28.72	29.19	31.58	706
5hpk	-45.74	53.16	44.78	450
5jke	-40.19	86.68	74.55	870
5jtl	-35.96	74.3	84.88	1091
5jto	-28.3	37.99	37.83	780
5jtm	-27.53	37.61	37.35	720
5jtr	-31.97	37.58	36.89	780
5jtp	-25.1	37.65	37.31	708
5jtq	-30.81	37.62	38.5	704
5jtn	-29.09	37.37	37.24	730
5c67	-57.37	33.98	26.96	555
5jhw	-56.07	60.41	51.72	784
5gy2	-57.03	33.05	28.59	1221
5v62	-45.11	40.62	51.47	363
5t0f	-43.02	69.05	60.95	199
5nwm	-42.23	25.09	22.26	164
5jw9	-40.33	45.37	40.44	148
5gjk	-39.5	30.76	31.97	162
5m2j	-56.43	17.85	11.24	254
5u4m	-53.7	76.14	67.1	384
5nvl	-54.35	68.25	60.08	455
5omb	-36.34	51.12	50.07	440
6atk	-36.34	96.56	91.37	2898
5kxh	-36.01	22.63	26.07	388
5nvk	-53.64	54.02	49.71	955
5vx3	-53.64	36.51	42.97	657
5xeq	-53.64	74.64	58.52	817
5lp5	-36.52	61.61	39.91	1690
5m2i	-52.9	44.37	42.08	1612
5wy2	-35.77	51.93	47.08	329
5o2u	-52.29	43.03	35.88	377
5wrv	-35.03	34.83	28.61	177
5wb7	-34.93	91.94	84.83	2186
5ky5	-34.83	30.34	33.63	392
5wgg	-35.13	58.36	64.87	451
5o05	-51.89	40.46	34.81	847
5uk5	-34.77	94.91	83.88	493
5tvq	-34.56	106.35	84.37	328
5npo	-34.37	39.33	30.23	486
5tgh	-34.37	56.01	43.84	652
5mad	-51.13	43.44	43.9	1544
5lgk	-33.79	36.1	24.27	1432
5vwy	-33.6	26.19	18.38	177
5mv8	-33.41	43.92	37.38	599
5sxp	-33.1	20.0	17.83	282
5m2m	-50.36	45.74	39.26	1661
5xbf	-32.93	37.58	26.22	586
5iia	-49.9	52.83	48.68	922
5tp6	-49.78	1.13	0.75	177
5omm	-45.56	26.03	24.97	711
5nt7	-28.39	27.97	26.24	490
5uzu	-45.66	49.6	49.77	645
5vt9	-45.66	26.98	22.24	331
5ky4	-28.54	29.21	35.92	390
5lhn	-45.38	63.42	58.16	373
5mjy	-28.24	36.72	42.24	1477
5vkl	-39.65	45.4	56.95	221
5nus	-45.43	80.83	74.59	285
5un7	-39.5	39.71	40.3	363
5h7y	-39.4	38.77	32.98	299
5vwx	-44.67	50.78	43.44	340
5nvm	-44.83	68.68	53.18	407
5hyc	-27.5	55.75	55.07	277
5v5h	-38.82	29.51	29.78	241
5u4k	-27.53	33.06	34.36	120
5f5o	-38.76	32.87	33.64	1028
6ba6	-21.63	0.0	0.0	253
5o2t	-38.68	42.1	39.6	306
5nqf	-38.65	27.7	38.08	333
5tzq	-44.5	42.38	42.86	306
6amb	-27.11	54.59	54.26	249
5tl7	-15.57	64.38	57.61	781
5mfc	-44.2	99.87	89.39	1044
5un5	-44.2	76.34	66.51	417
5hu3	-34.25	49.18	43.48	281
5mv9	-34.25	75.26	73.16	600
5me5	-32.35	29.66	26.51	189
5gwp	-49.53	51.41	47.5	920
5x4l	-32.14	28.68	35.89	486
5swk	-31.91	32.0	24.93	370
5vx2	-49.1	46.56	40.03	347
5mn2	-31.88	80.28	74.98	518
5m36	-31.74	78.97	93.42	464
5h07	-31.68	54.56	38.16	367
5wb8	-31.69	53.29	58.92	1073
5ml9	-38.03	49.65	47.55	275
5v5v	-43.82	114.93	122.32	4266
5vx0	-26.7	24.38	26.83	377
5mtn	-43.54	79.67	67.91	182
5toj	-43.6	94.5	85.98	1823
5odw	-54.91	37.84	44.56	1904
5u4y	-43.39	52.61	40.02	527
5ua4	-43.29	39.71	31.82	167
5w8t	-26.07	84.42	72.87	792
5u52	-43.2	37.79	37.96	484
5y4r	-43.06	57.42	50.03	782
5mak	-60.15	63.12	54.08	1025
5ma5	-60.15	45.13	37.83	1039
5mk0	-31.44	30.86	43.4	753
5w3x	-31.23	42.62	44.22	817
5imm	-48.26	13.34	9.79	245
5ohp	-31.14	47.6	39.67	465
5l21	-48.13	35.55	31.73	544
5v52	-31.0	71.11	68.34	459
5x0w	-31.0	90.72	79.29	852
5my6	-47.94	49.03	34.35	671
5o2s	-48.0	84.14	80.2	1283
5ma6	-54.33	84.35	79.19	385
5gwo	-42.94	59.37	54.21	945
5tzp	-42.94	18.75	18.81	160
5mtj	-36.93	33.22	30.08	205
5oc7	-42.7	43.88	37.76	404
6azp	-42.55	41.96	42.69	633
5v69	-42.49	38.22	38.17	394
5wos	-36.83	58.14	54.23	159
5ma3	-59.48	42.45	37.42	529
5jds	-48.65	25.55	17.97	242
5y1z	-30.63	57.81	54.08	874
5xjg	-30.51	47.41	41.57	1038
5wuj	-36.38	39.22	32.98	142
5v5i	-36.15	38.83	34.1	471
5gtb	-24.76	46.98	46.48	153
5ohm	-58.95	126.41	107.5	980
5vko	-47.93	44.46	49.47	230
5tzn	-29.89	39.7	35.62	525
5ky9	-29.85	57.42	73.86	384
5ufe	-41.66	22.36	18.28	220
5nqg	-41.67	49.4	57.79	415
5ma4	-58.7	27.07	19.68	523
5v6a	-41.52	57.34	59.3	391
5nvn	-41.44	30.91	33.42	400
5tl6	-24.2	49.27	43.41	782
5oaq	-41.3	29.25	29.56	244
5ufq	-46.77	42.15	38.69	446
5ky0	-29.61	29.75	38.7	387
5o03	-41.22	63.24	66.55	887
5vcb	-41.14	255.91	275.47	2970
5twa	-40.98	19.55	15.03	369
5mtm	-46.55	68.33	64.09	200
5xsq	-46.42	57.53	55.2	1013
5lpu	-29.15	74.51	80.43	860
5xv8	-40.79	0.0	0.0	153
5vxz	-69.31	61.83	59.2	956
5o0w	-57.83	51.93	51.03	1985
6b12	-46.18	31.59	31.31	530
5xco	-45.95	18.97	19.1	189
5imk	-34.65	18.59	18.15	243
5vz4	-46.21	57.45	46.4	298
5jw7	-28.77	93.21	88.02	323
5jjd	-28.75	49.71	44.37	331
5omn	-45.79	68.22	62.69	425
5v5g	-45.92	44.28	42.9	488
5o74	-28.54	77.44	71.43	2126
5ovw	-51.52	102.72	106.58	2226
5uul	-47.48	22.01	21.05	175
5otx	-40.12	28.13	22.84	256
5w89	-45.11	31.31	29.48	158
5yqz	-47.9	128.65	115.84	586
6h6y	-55.87	25.98	24.15	1587
5g15	-38.64	34.3	32.35	353
5yir	-54.61	49.62	49.09	409
6mkz	-55.36	85.15	78.63	528
6hul	-37.23	54.45	53.21	657
5wpa	-35.73	57.61	53.24	479
6a7v	-52.64	39.47	38.84	795
6g04	-35.13	0.0	0.0	182
6ejg	-51.89	48.01	49.4	640
6ejm	-51.74	38.52	34.17	635
6h9n	-34.8	82.12	81.93	227
6fg8	-34.3	21.1	18.31	377
5z78	-34.51	39.35	41.67	517
5o90	-34.01	88.02	95.86	349
6co2	-33.79	41.65	32.87	596
5nqw	-50.54	111.08	101.75	668
6dcn	-33.41	57.81	60.44	330
6f9s	-33.05	71.3	62.93	210
5xda	-33.08	48.68	47.76	3732
6fv0	-32.9	66.16	52.97	384
5nzz	-32.93	61.05	69.99	2863
5yi8	-32.79	30.84	30.5	162
6b05	-32.66	38.05	47.05	944
6arq	-28.49	45.83	28.11	409
5w9a	-22.76	86.3	75.47	611
5oen	-45.66	42.54	41.92	336
5xqz	-28.03	41.35	37.61	504
6ff3	-44.9	60.9	64.41	247
6e3j	-44.83	26.56	24.33	173
6bxc	-45.01	68.45	54.58	1213
5xwt	-27.63	136.87	124.46	1447
6asr	-27.55	38.45	40.92	189
5uv8	-39.11	43.83	40.13	737
6bx5	-44.83	86.7	79.48	442
5nt1	-27.36	82.25	63.83	878
6fq0	-38.79	49.87	44.84	668
6aaf	-38.77	78.19	88.18	134
5uwc	-44.23	71.29	64.36	365
5nl1	-38.58	68.92	62.77	991
6e2p	-26.99	106.3	114.28	938
5yc5	-38.5	55.54	58.85	595
5xln	-31.99	29.55	25.41	191
6isc	-32.08	45.91	36.39	337
5vu0	-49.1	47.97	45.94	596
6i3f	-43.91	43.68	39.06	758
6fc3	-43.94	30.88	24.09	219
6b8n	-38.11	61.51	52.7	878
6bx4	-38.11	74.7	70.53	438
5mr4	-38.0	54.26	40.43	766
6gbu	-37.7	150.17	161.06	473
6imf	-43.49	35.73	30.29	295
5xiu	-26.27	20.06	22.84	120
5ydr	-26.13	44.11	49.15	398
5xod	-43.1	60.94	63.42	215
5xnp	-37.39	132.97	130.12	1304
6fub	-43.02	20.98	15.77	174
6fuz	-31.37	113.2	115.72	379
6e3i	-48.48	31.52	27.52	173
5oy9	-30.97	156.4	160.42	446
5yip	-48.13	37.6	39.85	146
6gd5	-48.06	0.0	0.0	138
6bmt	-37.15	56.77	57.7	643
6fc2	-31.21	50.09	46.78	475
5kof	-25.26	61.77	72.11	963
5ywr	-42.29	23.03	17.0	237
6fp7	-48.65	33.83	28.63	388
5yis	-47.81	44.66	42.68	274
6bw9	-47.7	17.77	12.73	440
6h6z	-47.6	48.38	45.98	824
6fu9	-47.53	22.44	18.21	329
6f3z	-36.49	47.16	44.08	831
6bxa	-42.23	64.45	68.26	1268
6gbg	-36.41	71.9	66.43	431
6h71	-42.02	57.76	55.46	812
6fgo	-36.28	65.16	57.63	1094
5vzm	-24.61	0.0	0.0	187
6fhp	-41.77	23.6	23.58	805
6g10	-46.97	22.89	20.94	230
6dsl	-53.09	0.0	0.0	151
6aw2	-41.35	63.74	55.68	460
5n48	-47.38	22.79	21.41	534
6mgp	-35.2	69.93	63.48	885
6gbh	-40.87	94.22	88.62	852
5oyl	-29.25	53.32	38.39	455
5yr0	-29.22	22.97	19.92	92
6fud	-40.73	21.83	16.28	158
6eg1	-23.49	55.51	44.31	1029
6eg0	-23.46	69.32	63.02	510
5n47	-46.55	99.36	78.6	1268
6cbp	-29.42	38.04	28.7	265
5mr5	-40.51	32.35	24.84	592
6a3v	-40.34	59.21	54.26	3342
5vmo	-34.54	29.3	27.09	139
5xoc	-29.09	71.52	57.28	327
6d13	-45.84	98.67	86.91	433
6fe4	-45.76	119.71	114.7	940
6ch3	-28.54	78.73	62.96	486
6ch2	-25.9	99.79	93.73	1426
5mrv	-30.94	27.11	27.07	667
6gfi	-53.12	82.0	70.78	560
5zvm	-39.83	112.85	98.43	309
6oao	-51.88	87.5	81.44	3080
6d68	-39.4	67.27	60.09	463
6oan	-49.16	79.83	61.32	959
6d4p	-42.74	57.04	50.26	223
6dgf	-47.51	30.29	27.73	406
6sak	-42.86	57.69	58.84	729
6f0g	-41.44	38.41	38.07	356
6cwg	-57.03	79.86	74.87	775
6jb8	-56.45	28.86	23.89	254
6j4s	-38.79	42.84	44.71	282
6q69	-38.64	71.84	69.28	341
6f0f	-38.5	39.7	36.17	183
6ird	-38.11	28.72	28.43	434
6dld	-54.91	123.34	96.77	1056
6p7s	-54.91	49.34	49.85	1107
6n85	-37.78	58.45	48.37	796
5zqv	-37.59	118.3	151.86	1258
6jcs	-37.34	39.67	30.24	613
6ndz	-55.36	73.5	61.95	931
6u2h	-54.12	95.81	87.48	1009
6j7w	-54.35	58.84	51.8	311
6p7y	-52.81	63.67	66.16	1133
6kbm	-35.51	49.58	36.66	527
5z2w	-35.24	84.61	63.65	244
6j56	-35.24	30.99	26.68	276
6r2g	-69.18	51.02	42.38	184
6gho	-34.8	46.76	43.36	400
6iu7	-51.63	36.4	29.95	444
6mud	-34.2	74.12	66.29	275
6c83	-34.25	73.5	73.59	634
5zo2	-34.01	65.37	66.49	589
6og4	-50.74	32.0	26.25	197
5z7l	-33.79	32.99	31.04	305
6gum	-33.79	37.42	32.95	266
6in9	-33.79	30.77	28.36	628
6ne2	-50.72	23.17	20.13	312
6kbn	-33.31	101.19	95.02	1044
6ne1	-50.54	74.89	66.03	278
6ne4	-50.2	28.48	24.81	313
6uys	-33.08	29.72	28.11	166
6moe	-49.79	68.17	57.35	755
6o3o	-32.79	62.3	52.39	993
6m7l	-28.44	73.21	74.39	792
6ire	-45.52	119.17	115.37	416
6fpg	-39.91	40.38	38.46	1675
6h47	-45.66	30.94	26.01	304
6i07	-45.66	94.8	66.12	904
6on9	-28.54	51.15	47.44	226
6ivu	-62.55	0.0	0.0	171
6o8b	-28.3	137.65	128.0	1336
6h15	-45.05	47.55	43.34	1462
6iwa	-39.38	58.57	59.58	454
6m9k	-28.09	32.01	28.5	873
6mba	-44.35	56.5	36.4	275
6iwd	-44.18	27.34	24.53	338
6j4o	-44.2	36.0	34.23	268
6jhw	-44.2	46.3	42.7	508
6mun	-34.25	0.0	0.0	267
5z7g	-32.47	62.67	55.45	305
6iua	-49.65	31.26	26.17	444
6gvk	-32.53	44.85	39.72	226
6uyu	-32.53	28.09	25.13	170
6qb3	-32.1	36.69	24.52	370
6cxl	-49.2	89.61	86.05	864
6fto	-49.0	37.05	36.21	207
6umt	-49.0	50.53	44.75	208
6jdj	-38.24	42.41	40.34	289
6j9l	-32.39	27.15	26.21	251
6k06	-37.92	36.46	32.3	448
6nrw	-26.47	53.66	47.01	424
6a6x	-43.31	43.2	45.45	351
6gjq	-43.39	50.61	49.19	1231
6im9	-43.39	70.27	69.97	577
6oqq	-43.11	50.49	62.66	1755
6jb2	-37.27	16.12	15.05	255
6pnp	-37.24	85.62	58.14	325
6osw	-32.53	0.0	0.0	79
6idx	-31.24	26.9	23.83	526
6ov2	-48.21	145.74	124.65	309
6n6r	-30.94	37.74	28.61	433
6f2g	-48.0	119.12	98.36	561
6obn	-42.91	61.8	57.91	1157
6mc9	-37.19	145.6	124.29	291
6h46	-42.94	35.44	32.17	324
6h16	-42.79	114.38	94.39	726
6iw8	-36.98	81.81	78.45	447
6fbx	-36.9	44.41	47.49	170
6gtq	-36.73	65.05	67.31	393
6f0h	-48.65	25.1	21.3	356
6her	-42.23	20.32	17.71	227
6s8s	-36.46	38.97	41.07	415
6j9h	-42.1	55.74	48.86	525
6oqk	-42.1	10.0	10.0	139
6gvl	-24.87	64.17	58.49	222
6pnq	-41.72	40.23	24.34	327
6thg	-47.93	152.11	140.7	2763
6km7	-30.16	30.79	34.54	691
6i2m	-47.23	73.24	79.52	539
6er6	-41.62	30.38	22.3	213
6ihb	-41.35	33.55	23.61	611
6k4k	-46.73	68.14	72.16	1686
6akm	-29.46	67.13	50.98	93
5zau	-41.22	10.0	10.0	121
6s29	-46.29	31.18	31.24	894
6mm6	-23.59	42.22	45.2	1037
6ere	-40.73	31.01	28.14	425
6jjw	-46.15	46.04	37.95	109
6kbr	-63.07	10.67	8.98	278
6j9m	-40.48	54.36	48.86	510
6jwj	-40.34	33.48	33.44	485
6plm	-40.23	64.52	76.86	1779
6czo	-40.24	65.76	78.66	628
6ib8	-40.11	30.88	37.0	594
6oqj	-45.92	15.0	15.0	139
6saz	-56.24	81.54	75.08	864
6ht9	-57.08	100.91	92.79	1015
6dwh	-55.36	32.52	23.61	2316
6bx8	-38.24	29.46	23.63	1113
6dwf	-50.72	25.9	16.39	2316
6n9d	-61.36	55.25	52.01	336
6mav	-59.79	77.56	69.46	335
6har	-58.3	18.96	15.12	278
